sensor_id,timestamp,temp_c,anomaly_type,detected
S01,2026-08-05 13:45:00,3.1,power_outage,0
S01,2026-08-05 14:00:00,4.24,power_outage,0
S01,2026-08-05 14:15:00,5.31,power_outage,1
S01,2026-08-05 14:30:00,7.13,power_outage,1
S01,2026-08-05 14:45:00,7.57,power_outage,1
S01,2026-08-05 15:00:00,7.26,power_outage,1
S01,2026-08-05 15:15:00,7.4,power_outage,1
S01,2026-08-05 15:30:00,7.5,power_outage,1
S01,2026-08-05 15:45:00,7.78,power_outage,1
S01,2026-08-05 16:00:00,8.32,power_outage,1
S01,2026-08-05 16:15:00,8.74,power_outage,1
S01,2026-08-05 16:30:00,9.34,power_outage,1
S01,2026-08-05 16:45:00,10.19,power_outage,1
S01,2026-08-05 17:00:00,10.59,power_outage,1
S01,2026-08-05 17:15:00,11.03,power_outage,1
S01,2026-08-05 17:30:00,11.12,power_outage,1
S01,2026-08-05 17:45:00,11.36,power_outage,1
S01,2026-08-05 18:00:00,11.25,power_outage,1
S01,2026-08-05 18:15:00,11.19,power_outage,1
S01,2026-08-05 18:30:00,11.66,power_outage,1
S01,2026-08-05 18:45:00,12.53,power_outage,1
S01,2026-08-05 19:00:00,12.65,power_outage,1
S01,2026-08-05 19:15:00,13.25,power_outage,1
S01,2026-08-05 19:30:00,13.6,power_outage,1
S01,2026-08-05 19:45:00,13.83,power_outage,1
S01,2026-08-05 20:00:00,13.68,power_outage,1
S01,2026-08-05 20:15:00,13.85,power_outage,1
S01,2026-08-05 20:30:00,13.07,power_outage,1
S01,2026-08-05 20:45:00,12.69,power_outage,1
S01,2026-08-05 21:00:00,13.2,power_outage,1
S01,2026-08-05 21:15:00,13.63,power_outage,1
S01,2026-08-05 21:30:00,13.64,power_outage,1
S01,2026-08-05 21:45:00,14.27,power_outage,1
S01,2026-08-05 22:00:00,14.23,power_outage,1
S01,2026-08-13 05:15:00,2.58,equipment_failure,1
S01,2026-08-13 05:30:00,3.13,equipment_failure,1
S01,2026-08-13 05:45:00,3.73,equipment_failure,1
S01,2026-08-13 06:00:00,4.42,equipment_failure,1
S01,2026-08-13 06:15:00,5.01,equipment_failure,1
S01,2026-08-13 06:30:00,7.4,equipment_failure,1
S01,2026-08-13 06:45:00,8.07,equipment_failure,1
S01,2026-08-13 07:00:00,7.97,equipment_failure,1
S01,2026-08-13 07:15:00,9.12,equipment_failure,1
S01,2026-08-13 07:30:00,9.74,equipment_failure,1
S01,2026-08-13 07:45:00,10.24,equipment_failure,1
S01,2026-08-13 08:00:00,10.7,equipment_failure,1
S01,2026-08-13 08:15:00,10.76,equipment_failure,1
S01,2026-08-13 08:30:00,10.63,equipment_failure,1
S01,2026-08-13 08:45:00,11.04,equipment_failure,1
S01,2026-08-13 09:00:00,11.66,equipment_failure,1
S01,2026-08-13 09:15:00,12.41,equipment_failure,1
S01,2026-08-13 09:30:00,12.78,equipment_failure,1
S01,2026-08-13 09:45:00,13.27,equipment_failure,1
S01,2026-08-13 10:00:00,13.56,equipment_failure,1
S01,2026-08-13 10:15:00,13.94,equipment_failure,1
S01,2026-08-13 10:30:00,13.72,equipment_failure,1
S01,2026-08-13 10:45:00,13.9,equipment_failure,1
S01,2026-08-13 11:00:00,13.87,equipment_failure,1
S01,2026-08-13 11:15:00,14.2,equipment_failure,1
S01,2026-08-13 11:30:00,14.34,equipment_failure,1
S01,2026-08-13 11:45:00,14.78,equipment_failure,1
S01,2026-08-13 12:00:00,15.77,equipment_failure,1
S01,2026-08-13 12:15:00,16.31,equipment_failure,1
S01,2026-08-13 12:30:00,16.84,equipment_failure,1
S01,2026-08-13 12:45:00,16.95,equipment_failure,1
S01,2026-08-13 13:00:00,17.04,equipment_failure,1
S01,2026-08-13 13:15:00,16.59,equipment_failure,1
S01,2026-08-13 13:30:00,16.3,equipment_failure,1
S01,2026-08-13 13:45:00,16.07,equipment_failure,1
S01,2026-08-13 14:00:00,15.94,equipment_failure,1
S01,2026-08-13 14:15:00,16.28,equipment_failure,1
S01,2026-08-13 14:30:00,18.2,equipment_failure,1
S01,2026-08-13 14:45:00,18.02,equipment_failure,1
S01,2026-08-13 15:00:00,17.41,equipment_failure,1
S01,2026-08-13 15:15:00,17.12,equipment_failure,1
S01,2026-08-13 15:30:00,17.1,equipment_failure,1
S01,2026-08-13 15:45:00,17.09,equipment_failure,1
S01,2026-08-13 16:00:00,16.3,equipment_failure,1
S01,2026-08-13 16:15:00,16.42,equipment_failure,1
S01,2026-08-13 16:30:00,16.51,equipment_failure,1
S01,2026-08-13 16:45:00,16.54,equipment_failure,1
S01,2026-08-13 17:00:00,17.2,equipment_failure,1
S01,2026-08-13 17:15:00,17.95,equipment_failure,1
S01,2026-08-13 17:30:00,18.08,equipment_failure,1
S01,2026-08-13 17:45:00,18.13,equipment_failure,1
S01,2026-08-13 18:00:00,18.0,equipment_failure,1
S01,2026-08-13 18:15:00,17.79,equipment_failure,1
S01,2026-08-13 18:30:00,17.62,equipment_failure,1
S01,2026-08-13 18:45:00,17.84,equipment_failure,1
S01,2026-08-19 12:00:00,3.04,stuck_sensor,0
S01,2026-08-19 12:15:00,3.04,stuck_sensor,0
S01,2026-08-19 12:30:00,3.04,stuck_sensor,1
S01,2026-08-19 12:45:00,3.04,stuck_sensor,1
S01,2026-08-19 13:00:00,3.04,stuck_sensor,1
S01,2026-08-19 13:15:00,3.04,stuck_sensor,1
S01,2026-08-19 13:30:00,3.04,stuck_sensor,1
S01,2026-08-19 13:45:00,3.04,stuck_sensor,1
S01,2026-08-19 14:00:00,3.04,stuck_sensor,1
S01,2026-08-19 14:15:00,3.04,stuck_sensor,1
S01,2026-08-19 14:30:00,3.04,stuck_sensor,1
S01,2026-08-19 14:45:00,3.04,stuck_sensor,1
S01,2026-08-19 15:00:00,3.04,stuck_sensor,1
S01,2026-08-19 15:15:00,3.04,stuck_sensor,1
S01,2026-08-19 15:30:00,3.04,stuck_sensor,1
S01,2026-08-19 15:45:00,3.04,stuck_sensor,1
S01,2026-08-19 16:00:00,3.04,stuck_sensor,1
S01,2026-08-19 16:15:00,3.04,stuck_sensor,1
S01,2026-08-19 16:30:00,3.04,stuck_sensor,1
S01,2026-08-19 16:45:00,3.04,stuck_sensor,1
S01,2026-08-19 17:00:00,3.04,stuck_sensor,1
S01,2026-08-19 17:15:00,3.04,stuck_sensor,1
S01,2026-08-19 17:30:00,3.04,stuck_sensor,1
S01,2026-08-19 17:45:00,3.04,stuck_sensor,1
S01,2026-08-19 18:00:00,3.04,stuck_sensor,1
S01,2026-08-19 18:15:00,3.04,stuck_sensor,1
S01,2026-08-19 18:30:00,3.04,stuck_sensor,1
S01,2026-08-19 18:45:00,3.04,stuck_sensor,1
S01,2026-08-19 19:00:00,3.04,stuck_sensor,1
S01,2026-08-19 19:15:00,3.04,stuck_sensor,1
S01,2026-08-19 19:30:00,3.04,stuck_sensor,1
S01,2026-08-19 19:45:00,3.04,stuck_sensor,1
S01,2026-08-19 20:00:00,3.04,stuck_sensor,1
S01,2026-08-19 20:15:00,3.04,stuck_sensor,1
S01,2026-08-19 20:30:00,3.04,stuck_sensor,1
S01,2026-08-19 20:45:00,3.04,stuck_sensor,1
S01,2026-08-19 21:00:00,3.04,stuck_sensor,1
S01,2026-08-19 21:15:00,3.04,stuck_sensor,1
S01,2026-08-19 21:30:00,3.04,stuck_sensor,1
S01,2026-08-19 21:45:00,3.04,stuck_sensor,1
S01,2026-08-19 22:00:00,3.04,stuck_sensor,1
S01,2026-08-20 09:45:00,-7.39,spike_outlier,1
S01,2026-08-22 19:30:00,17.33,spike_outlier,1
S01,2026-09-02 22:15:00,15.89,spike_outlier,1
S02,2026-08-05 11:30:00,-6.1,spike_outlier,1
S02,2026-08-21 23:45:00,-16.04,door_left_open,0
S02,2026-08-22 00:00:00,-14.16,door_left_open,1
S02,2026-08-22 00:15:00,-12.56,door_left_open,1
S02,2026-08-22 00:30:00,-11.91,door_left_open,1
S02,2026-08-22 00:45:00,-11.79,door_left_open,1
S02,2026-08-22 01:00:00,-11.87,door_left_open,1
S02,2026-08-22 01:15:00,-14.7,door_left_open,0
S02,2026-08-22 01:30:00,-16.73,door_left_open,0
S02,2026-08-27 17:15:00,-18.36,equipment_failure,0
S02,2026-08-27 17:30:00,-17.48,equipment_failure,0
S02,2026-08-27 17:45:00,-16.69,equipment_failure,0
S02,2026-08-27 18:00:00,-15.39,equipment_failure,0
S02,2026-08-27 18:15:00,-13.95,equipment_failure,1
S02,2026-08-27 18:30:00,-13.16,equipment_failure,0
S02,2026-08-27 18:45:00,-11.44,equipment_failure,1
S02,2026-08-27 19:00:00,-9.99,equipment_failure,1
S02,2026-08-27 19:15:00,-6.28,equipment_failure,1
S02,2026-08-27 19:30:00,-6.42,equipment_failure,1
S02,2026-08-27 19:45:00,-7.06,equipment_failure,1
S02,2026-08-27 20:00:00,-7.24,equipment_failure,1
S02,2026-08-27 20:15:00,-6.29,equipment_failure,1
S02,2026-08-27 20:30:00,-6.27,equipment_failure,1
S02,2026-08-27 20:45:00,-5.54,equipment_failure,1
S02,2026-08-27 21:00:00,-5.45,equipment_failure,1
S02,2026-08-27 21:15:00,-4.75,equipment_failure,1
S02,2026-08-27 21:30:00,-3.95,equipment_failure,1
S02,2026-08-27 21:45:00,-3.25,equipment_failure,1
S02,2026-08-27 22:00:00,-2.13,equipment_failure,1
S02,2026-08-27 22:15:00,-1.27,equipment_failure,1
S02,2026-08-27 22:30:00,-1.72,equipment_failure,1
S02,2026-08-27 22:45:00,-1.84,equipment_failure,1
S02,2026-08-27 23:00:00,-1.78,equipment_failure,1
S02,2026-08-27 23:15:00,-1.44,equipment_failure,1
S02,2026-08-27 23:30:00,-1.09,equipment_failure,1
S02,2026-08-27 23:45:00,-0.45,equipment_failure,1
S02,2026-08-28 00:00:00,-0.08,equipment_failure,1
S02,2026-08-28 00:15:00,0.77,equipment_failure,1
S02,2026-08-28 00:30:00,1.37,equipment_failure,1
S02,2026-08-28 00:45:00,1.69,equipment_failure,1
S02,2026-08-28 01:00:00,1.88,equipment_failure,1
S02,2026-08-28 01:15:00,1.51,equipment_failure,1
S02,2026-08-28 01:30:00,1.33,equipment_failure,1
S02,2026-08-28 01:45:00,1.22,equipment_failure,1
S02,2026-08-28 02:00:00,1.23,equipment_failure,1
S02,2026-08-28 02:15:00,1.18,equipment_failure,1
S02,2026-08-28 02:30:00,1.81,equipment_failure,1
S02,2026-08-28 02:45:00,2.26,equipment_failure,1
S02,2026-08-28 03:00:00,3.02,equipment_failure,1
S02,2026-08-28 03:15:00,6.43,equipment_failure,1
S02,2026-08-28 03:30:00,5.77,equipment_failure,1
S02,2026-08-28 03:45:00,3.85,equipment_failure,1
S02,2026-08-28 04:00:00,3.59,equipment_failure,1
S02,2026-08-28 04:15:00,3.59,equipment_failure,1
S02,2026-08-28 04:30:00,3.02,equipment_failure,1
S02,2026-08-28 04:45:00,2.74,equipment_failure,1
S02,2026-08-28 05:00:00,2.9,equipment_failure,1
S02,2026-08-28 05:15:00,3.6,equipment_failure,1
S02,2026-08-28 05:30:00,4.06,equipment_failure,1
S02,2026-08-28 05:45:00,4.72,equipment_failure,1
S02,2026-08-28 06:00:00,5.1,equipment_failure,1
S02,2026-08-28 06:15:00,5.72,equipment_failure,1
S02,2026-08-28 06:30:00,5.74,equipment_failure,1
S02,2026-08-28 06:45:00,5.0,equipment_failure,1
S02,2026-08-28 07:00:00,4.49,equipment_failure,1
S02,2026-08-30 02:30:00,-16.9,door_left_open,0
S02,2026-08-30 02:45:00,-14.48,door_left_open,1
S02,2026-08-30 03:00:00,-12.36,door_left_open,1
S02,2026-08-30 03:15:00,-8.61,door_left_open,1
S02,2026-08-30 03:30:00,-9.09,door_left_open,1
S02,2026-08-30 03:45:00,-10.4,door_left_open,1
S02,2026-08-30 04:00:00,-10.35,door_left_open,1
S02,2026-08-30 04:15:00,-13.48,door_left_open,0
S02,2026-08-30 04:30:00,-15.8,door_left_open,1
S03,2026-08-16 04:15:00,64.44,power_outage,0
S03,2026-08-16 04:30:00,62.67,power_outage,0
S03,2026-08-16 04:45:00,61.38,power_outage,0
S03,2026-08-16 05:00:00,61.22,power_outage,1
S03,2026-08-16 05:15:00,60.63,power_outage,1
S03,2026-08-16 05:30:00,59.24,power_outage,1
S03,2026-08-16 05:45:00,56.8,power_outage,1
S03,2026-08-16 06:00:00,55.04,power_outage,1
S03,2026-08-16 06:15:00,53.15,power_outage,1
S03,2026-08-16 06:30:00,52.07,power_outage,1
S03,2026-08-16 06:45:00,51.96,power_outage,1
S03,2026-08-16 07:00:00,51.79,power_outage,1
S03,2026-08-16 07:15:00,52.43,power_outage,1
S03,2026-08-16 07:30:00,51.57,power_outage,1
S03,2026-08-16 07:45:00,50.26,power_outage,1
S03,2026-08-16 08:00:00,49.11,power_outage,1
S03,2026-08-16 08:15:00,46.67,power_outage,1
S03,2026-08-16 08:30:00,46.41,power_outage,1
S03,2026-08-16 08:45:00,47.49,power_outage,1
S03,2026-08-16 09:00:00,47.43,power_outage,1
S03,2026-08-16 09:15:00,48.69,power_outage,1
S03,2026-08-16 09:30:00,48.91,power_outage,1
S03,2026-08-16 09:45:00,48.89,power_outage,1
S03,2026-08-19 13:30:00,83.93,spike_outlier,1
S03,2026-08-21 11:00:00,49.32,spike_outlier,1
S03,2026-08-22 20:15:00,63.49,door_left_open,0
S03,2026-08-22 20:30:00,60.79,door_left_open,0
S03,2026-08-22 20:45:00,58.77,door_left_open,1
S03,2026-08-22 21:00:00,56.55,door_left_open,1
S03,2026-08-22 21:15:00,56.02,door_left_open,1
S03,2026-08-22 21:30:00,56.12,door_left_open,1
S03,2026-08-22 21:45:00,56.93,door_left_open,1
S03,2026-08-22 22:00:00,57.85,door_left_open,1
S03,2026-08-22 22:15:00,58.55,door_left_open,1
S03,2026-08-22 22:30:00,58.36,door_left_open,1
S03,2026-08-22 22:45:00,60.21,door_left_open,1
S03,2026-08-22 23:00:00,61.03,door_left_open,1
S03,2026-08-31 12:30:00,79.62,spike_outlier,1
S03,2026-09-01 00:00:00,64.86,stuck_sensor,0
S03,2026-09-01 00:15:00,64.86,stuck_sensor,0
S03,2026-09-01 00:30:00,64.86,stuck_sensor,1
S03,2026-09-01 00:45:00,64.86,stuck_sensor,1
S03,2026-09-01 01:00:00,64.86,stuck_sensor,1
S03,2026-09-01 01:15:00,64.86,stuck_sensor,1
S03,2026-09-01 01:30:00,64.86,stuck_sensor,1
S03,2026-09-01 01:45:00,64.86,stuck_sensor,1
S03,2026-09-01 02:00:00,64.86,stuck_sensor,1
S03,2026-09-01 02:15:00,64.86,stuck_sensor,1
S03,2026-09-01 02:30:00,64.86,stuck_sensor,1
S03,2026-09-01 02:45:00,64.86,stuck_sensor,1
S03,2026-09-01 03:00:00,64.86,stuck_sensor,1
S03,2026-09-01 03:15:00,64.86,stuck_sensor,1
S03,2026-09-01 03:30:00,64.86,stuck_sensor,1
S03,2026-09-01 03:45:00,64.86,stuck_sensor,1
S03,2026-09-01 04:00:00,64.86,stuck_sensor,1
S03,2026-09-01 04:15:00,64.86,stuck_sensor,1
S03,2026-09-01 04:30:00,64.86,stuck_sensor,1
S03,2026-09-01 04:45:00,64.86,stuck_sensor,1
S03,2026-09-01 05:00:00,64.86,stuck_sensor,1
S03,2026-09-01 05:15:00,64.86,stuck_sensor,1
S03,2026-09-01 05:30:00,64.86,stuck_sensor,1
S03,2026-09-01 05:45:00,64.86,stuck_sensor,1
S03,2026-09-01 06:00:00,64.86,stuck_sensor,1
S03,2026-09-01 06:15:00,64.86,stuck_sensor,1
S03,2026-09-01 06:30:00,64.86,stuck_sensor,1
S03,2026-09-01 06:45:00,64.86,stuck_sensor,1
S03,2026-09-01 07:00:00,64.86,stuck_sensor,1
S03,2026-09-01 07:15:00,64.86,stuck_sensor,1
S03,2026-09-01 07:30:00,64.86,stuck_sensor,1
S03,2026-09-01 07:45:00,64.86,stuck_sensor,1
S03,2026-09-01 08:00:00,64.86,stuck_sensor,1
S03,2026-09-01 08:15:00,64.86,stuck_sensor,1
S03,2026-09-01 08:30:00,64.86,stuck_sensor,1
S03,2026-09-01 08:45:00,64.86,stuck_sensor,1
S03,2026-09-01 09:00:00,64.86,stuck_sensor,1
S04,2026-08-04 14:45:00,-11.77,spike_outlier,1
S04,2026-08-07 13:30:00,5.08,equipment_failure,0
S04,2026-08-07 13:45:00,5.53,equipment_failure,0
S04,2026-08-07 14:00:00,6.95,equipment_failure,1
S04,2026-08-07 14:15:00,7.31,equipment_failure,0
S04,2026-08-07 14:30:00,7.73,equipment_failure,1
S04,2026-08-07 14:45:00,7.97,equipment_failure,0
S04,2026-08-07 15:00:00,7.98,equipment_failure,1
S04,2026-08-07 15:15:00,9.65,equipment_failure,1
S04,2026-08-07 15:30:00,9.46,equipment_failure,1
S04,2026-08-07 15:45:00,9.46,equipment_failure,1
S04,2026-08-07 16:00:00,10.39,equipment_failure,1
S04,2026-08-07 16:15:00,11.3,equipment_failure,1
S04,2026-08-07 16:30:00,11.93,equipment_failure,1
S04,2026-08-07 16:45:00,11.93,equipment_failure,1
S04,2026-08-07 17:00:00,11.88,equipment_failure,1
S04,2026-08-07 17:15:00,11.8,equipment_failure,1
S04,2026-08-07 17:30:00,12.02,equipment_failure,1
S04,2026-08-07 17:45:00,12.35,equipment_failure,1
S04,2026-08-07 18:00:00,13.21,equipment_failure,1
S04,2026-08-07 18:15:00,14.05,equipment_failure,1
S04,2026-08-07 18:30:00,15.17,equipment_failure,1
S04,2026-08-07 18:45:00,15.69,equipment_failure,1
S04,2026-08-07 19:00:00,15.89,equipment_failure,1
S04,2026-08-07 19:15:00,15.71,equipment_failure,1
S04,2026-08-07 19:30:00,15.23,equipment_failure,1
S04,2026-08-07 19:45:00,15.23,equipment_failure,1
S04,2026-08-07 20:00:00,14.44,equipment_failure,1
S04,2026-08-07 20:15:00,14.76,equipment_failure,1
S04,2026-08-07 20:30:00,15.56,equipment_failure,1
S04,2026-08-07 20:45:00,15.9,equipment_failure,1
S04,2026-08-07 21:00:00,16.34,equipment_failure,1
S04,2026-08-07 21:15:00,16.23,equipment_failure,1
S04,2026-08-07 21:30:00,15.85,equipment_failure,1
S04,2026-08-07 21:45:00,15.84,equipment_failure,1
S04,2026-08-07 22:00:00,15.24,equipment_failure,1
S04,2026-08-07 22:15:00,15.5,equipment_failure,1
S04,2026-08-07 22:30:00,15.61,equipment_failure,1
S04,2026-08-07 22:45:00,15.85,equipment_failure,1
S04,2026-08-07 23:00:00,16.31,equipment_failure,1
S04,2026-08-07 23:15:00,18.53,equipment_failure,1
S04,2026-08-07 23:30:00,18.06,equipment_failure,1
S04,2026-08-07 23:45:00,17.28,equipment_failure,1
S04,2026-08-08 00:00:00,16.61,equipment_failure,1
S04,2026-08-08 00:15:00,16.19,equipment_failure,1
S04,2026-08-08 00:30:00,16.24,equipment_failure,1
S04,2026-08-08 00:45:00,16.43,equipment_failure,1
S04,2026-08-08 01:00:00,16.37,equipment_failure,1
S04,2026-08-08 01:15:00,16.99,equipment_failure,1
S04,2026-08-08 18:00:00,18.06,spike_outlier,1
S04,2026-08-23 07:00:00,5.17,door_left_open,1
S04,2026-08-23 07:15:00,8.06,door_left_open,1
S04,2026-08-23 07:30:00,8.64,door_left_open,1
S04,2026-08-23 07:45:00,8.6,door_left_open,1
S04,2026-08-23 08:00:00,9.32,door_left_open,1
S04,2026-08-23 08:15:00,10.16,door_left_open,1
S04,2026-08-23 08:30:00,10.2,door_left_open,1
S04,2026-08-23 08:45:00,10.24,door_left_open,1
S04,2026-08-23 09:00:00,9.97,door_left_open,1
S04,2026-08-23 09:15:00,9.38,door_left_open,1
S04,2026-08-23 09:30:00,6.84,door_left_open,1
S04,2026-08-23 09:45:00,5.97,door_left_open,1
S04,2026-08-27 12:30:00,4.47,equipment_failure,0
S04,2026-08-27 12:45:00,4.84,equipment_failure,0
S04,2026-08-27 13:00:00,5.77,equipment_failure,0
S04,2026-08-27 13:15:00,6.97,equipment_failure,1
S04,2026-08-27 13:30:00,7.62,equipment_failure,0
S04,2026-08-27 13:45:00,8.52,equipment_failure,1
S04,2026-08-27 14:00:00,8.64,equipment_failure,0
S04,2026-08-27 14:15:00,8.06,equipment_failure,1
S04,2026-08-27 14:30:00,8.4,equipment_failure,0
S04,2026-08-27 14:45:00,8.09,equipment_failure,1
S04,2026-08-27 15:00:00,8.71,equipment_failure,1
S04,2026-08-27 15:15:00,10.79,equipment_failure,1
S04,2026-08-27 15:30:00,11.0,equipment_failure,1
S04,2026-08-27 15:45:00,10.72,equipment_failure,1
S04,2026-08-27 16:00:00,11.66,equipment_failure,1
S04,2026-08-27 16:15:00,11.76,equipment_failure,1
S04,2026-08-27 16:30:00,11.23,equipment_failure,1
S04,2026-08-27 16:45:00,11.66,equipment_failure,1
S04,2026-08-27 17:00:00,11.62,equipment_failure,1
S04,2026-08-27 17:15:00,11.77,equipment_failure,1
S04,2026-08-27 17:30:00,11.76,equipment_failure,1
S04,2026-08-27 17:45:00,13.01,equipment_failure,1
S04,2026-08-27 18:00:00,13.36,equipment_failure,1
S04,2026-08-27 18:15:00,14.27,equipment_failure,1
S04,2026-08-27 18:30:00,14.62,equipment_failure,1
S04,2026-08-27 18:45:00,14.53,equipment_failure,1
S04,2026-08-27 19:00:00,15.2,equipment_failure,1
S04,2026-08-27 19:15:00,14.3,equipment_failure,1
S04,2026-08-27 19:30:00,14.56,equipment_failure,1
S04,2026-08-27 19:45:00,14.74,equipment_failure,1
S04,2026-08-27 20:00:00,14.92,equipment_failure,1
S04,2026-08-27 20:15:00,15.42,equipment_failure,1
S04,2026-08-27 20:30:00,15.74,equipment_failure,1
S04,2026-08-27 20:45:00,16.15,equipment_failure,1
S04,2026-08-27 21:00:00,15.68,equipment_failure,1
S04,2026-08-27 21:15:00,15.52,equipment_failure,1
S04,2026-08-27 21:30:00,14.93,equipment_failure,1
S04,2026-08-27 21:45:00,14.68,equipment_failure,1
S04,2026-08-27 22:00:00,14.66,equipment_failure,1
S04,2026-08-27 22:15:00,14.91,equipment_failure,1
S04,2026-08-27 22:30:00,15.89,equipment_failure,1
S04,2026-08-27 22:45:00,16.04,equipment_failure,1
S04,2026-08-27 23:00:00,16.13,equipment_failure,1
S04,2026-08-27 23:15:00,17.62,equipment_failure,1
S04,2026-08-27 23:30:00,16.9,equipment_failure,1
S04,2026-08-27 23:45:00,15.29,equipment_failure,1
S04,2026-08-28 00:00:00,15.03,equipment_failure,1
S04,2026-08-28 00:15:00,15.22,equipment_failure,1
S04,2026-08-28 00:30:00,16.14,equipment_failure,1
S04,2026-08-28 00:45:00,16.53,equipment_failure,1
S04,2026-08-28 01:00:00,17.18,equipment_failure,1
S04,2026-08-28 01:15:00,17.31,equipment_failure,1
S04,2026-08-28 01:30:00,16.82,equipment_failure,1
S04,2026-08-28 01:45:00,16.73,equipment_failure,1
S04,2026-08-28 02:00:00,16.6,equipment_failure,1
S04,2026-08-28 02:15:00,16.02,equipment_failure,1
S04,2026-08-28 02:30:00,16.01,equipment_failure,1
S04,2026-08-28 02:45:00,16.41,equipment_failure,1
S04,2026-08-28 03:00:00,16.49,equipment_failure,1
S04,2026-08-28 03:15:00,17.0,equipment_failure,1
S04,2026-08-28 15:45:00,-9.95,spike_outlier,1
S04,2026-09-04 20:45:00,-7.91,spike_outlier,1
S05,2026-08-03 05:15:00,17.42,spike_outlier,1
S05,2026-08-05 08:15:00,2.38,sensor_drift,1
S05,2026-08-05 08:30:00,2.79,sensor_drift,1
S05,2026-08-05 08:45:00,2.62,sensor_drift,1
S05,2026-08-05 09:00:00,2.87,sensor_drift,1
S05,2026-08-05 09:15:00,2.52,sensor_drift,1
S05,2026-08-05 09:30:00,2.01,sensor_drift,1
S05,2026-08-05 09:45:00,1.58,sensor_drift,1
S05,2026-08-05 10:00:00,1.18,sensor_drift,1
S05,2026-08-05 10:15:00,1.01,sensor_drift,1
S05,2026-08-05 10:30:00,2.37,sensor_drift,1
S05,2026-08-05 10:45:00,2.3,sensor_drift,1
S05,2026-08-05 11:00:00,1.68,sensor_drift,1
S05,2026-08-05 11:15:00,1.83,sensor_drift,1
S05,2026-08-05 11:30:00,2.27,sensor_drift,1
S05,2026-08-05 11:45:00,1.75,sensor_drift,1
S05,2026-08-05 12:00:00,1.47,sensor_drift,1
S05,2026-08-05 12:15:00,1.43,sensor_drift,1
S05,2026-08-05 12:30:00,1.44,sensor_drift,1
S05,2026-08-05 12:45:00,1.74,sensor_drift,1
S05,2026-08-05 13:00:00,2.0,sensor_drift,1
S05,2026-08-05 13:15:00,1.9,sensor_drift,1
S05,2026-08-05 13:30:00,2.15,sensor_drift,1
S05,2026-08-05 13:45:00,2.33,sensor_drift,1
S05,2026-08-05 14:00:00,1.87,sensor_drift,1
S05,2026-08-05 14:15:00,1.14,sensor_drift,1
S05,2026-08-05 14:30:00,0.83,sensor_drift,1
S05,2026-08-05 14:45:00,0.6,sensor_drift,1
S05,2026-08-05 15:00:00,1.01,sensor_drift,1
S05,2026-08-05 15:15:00,1.21,sensor_drift,1
S05,2026-08-05 15:30:00,1.49,sensor_drift,1
S05,2026-08-05 15:45:00,1.7,sensor_drift,1
S05,2026-08-05 16:00:00,1.29,sensor_drift,1
S05,2026-08-05 16:15:00,1.64,sensor_drift,1
S05,2026-08-05 16:30:00,1.18,sensor_drift,1
S05,2026-08-05 16:45:00,0.84,sensor_drift,1
S05,2026-08-05 17:00:00,0.71,sensor_drift,1
S05,2026-08-05 17:15:00,0.56,sensor_drift,1
S05,2026-08-05 17:30:00,1.03,sensor_drift,1
S05,2026-08-05 17:45:00,1.34,sensor_drift,1
S05,2026-08-05 18:00:00,1.54,sensor_drift,1
S05,2026-08-05 18:15:00,1.81,sensor_drift,1
S05,2026-08-05 18:30:00,2.81,sensor_drift,1
S05,2026-08-05 18:45:00,2.3,sensor_drift,1
S05,2026-08-05 19:00:00,0.85,sensor_drift,1
S05,2026-08-05 19:15:00,0.73,sensor_drift,1
S05,2026-08-05 19:30:00,1.33,sensor_drift,1
S05,2026-08-05 19:45:00,1.2,sensor_drift,1
S05,2026-08-05 20:00:00,1.46,sensor_drift,1
S05,2026-08-05 20:15:00,1.59,sensor_drift,1
S05,2026-08-05 20:30:00,1.75,sensor_drift,1
S05,2026-08-05 20:45:00,1.42,sensor_drift,1
S05,2026-08-05 21:00:00,1.05,sensor_drift,1
S05,2026-08-05 21:15:00,0.3,sensor_drift,1
S05,2026-08-05 21:30:00,-0.06,sensor_drift,1
S05,2026-08-05 21:45:00,-0.01,sensor_drift,1
S05,2026-08-05 22:00:00,-0.04,sensor_drift,1
S05,2026-08-05 22:15:00,0.24,sensor_drift,1
S05,2026-08-05 22:30:00,0.43,sensor_drift,1
S05,2026-08-05 22:45:00,0.54,sensor_drift,1
S05,2026-08-05 23:00:00,0.83,sensor_drift,1
S05,2026-08-05 23:15:00,0.36,sensor_drift,1
S05,2026-08-05 23:30:00,-0.09,sensor_drift,1
S05,2026-08-05 23:45:00,-0.18,sensor_drift,1
S05,2026-08-06 00:00:00,-0.49,sensor_drift,1
S05,2026-08-06 00:15:00,-0.46,sensor_drift,1
S05,2026-08-06 00:30:00,0.06,sensor_drift,1
S05,2026-08-06 00:45:00,0.19,sensor_drift,1
S05,2026-08-06 01:00:00,0.31,sensor_drift,1
S05,2026-08-06 01:15:00,0.59,sensor_drift,1
S05,2026-08-06 01:30:00,0.07,sensor_drift,1
S05,2026-08-06 01:45:00,-0.56,sensor_drift,1
S05,2026-08-06 02:00:00,-0.46,sensor_drift,1
S05,2026-08-06 02:15:00,-0.59,sensor_drift,1
S05,2026-08-06 02:30:00,1.0,sensor_drift,1
S05,2026-08-06 02:45:00,0.38,sensor_drift,1
S05,2026-08-06 03:00:00,-0.26,sensor_drift,1
S05,2026-08-06 03:15:00,0.31,sensor_drift,1
S05,2026-08-06 03:30:00,0.15,sensor_drift,1
S05,2026-08-06 03:45:00,-0.24,sensor_drift,1
S05,2026-08-06 04:00:00,-0.26,sensor_drift,1
S05,2026-08-06 04:15:00,-0.8,sensor_drift,1
S05,2026-08-06 04:30:00,-1.1,sensor_drift,1
S05,2026-08-06 04:45:00,-1.11,sensor_drift,1
S05,2026-08-06 05:00:00,-0.91,sensor_drift,1
S05,2026-08-06 05:15:00,-0.2,sensor_drift,1
S05,2026-08-06 05:30:00,0.02,sensor_drift,1
S05,2026-08-06 05:45:00,-0.18,sensor_drift,1
S05,2026-08-06 06:00:00,-0.47,sensor_drift,1
S05,2026-08-06 06:15:00,-0.7,sensor_drift,1
S05,2026-08-06 06:30:00,-0.54,sensor_drift,1
S05,2026-08-06 06:45:00,-0.37,sensor_drift,1
S05,2026-08-06 07:00:00,-0.47,sensor_drift,1
S05,2026-08-06 07:15:00,-0.44,sensor_drift,1
S05,2026-08-06 07:30:00,0.03,sensor_drift,1
S05,2026-08-06 07:45:00,0.7,sensor_drift,1
S05,2026-08-06 08:00:00,0.5,sensor_drift,1
S05,2026-08-06 08:15:00,0.55,sensor_drift,1
S05,2026-08-06 08:30:00,0.69,sensor_drift,1
S05,2026-08-06 08:45:00,-0.17,sensor_drift,1
S05,2026-08-06 09:00:00,-0.85,sensor_drift,1
S05,2026-08-06 09:15:00,-1.01,sensor_drift,1
S05,2026-08-06 09:30:00,-0.59,sensor_drift,1
S05,2026-08-06 09:45:00,-0.19,sensor_drift,1
S05,2026-08-06 10:00:00,0.05,sensor_drift,1
S05,2026-08-06 10:15:00,0.48,sensor_drift,1
S05,2026-08-06 10:30:00,1.51,sensor_drift,1
S05,2026-08-06 10:45:00,0.6,sensor_drift,1
S05,2026-08-06 11:00:00,-0.32,sensor_drift,1
S05,2026-08-06 11:15:00,-0.99,sensor_drift,1
S05,2026-08-06 11:30:00,-0.84,sensor_drift,1
S05,2026-08-06 11:45:00,-0.15,sensor_drift,1
S05,2026-08-06 12:00:00,-0.24,sensor_drift,1
S05,2026-08-06 12:15:00,-0.01,sensor_drift,1
S05,2026-08-06 12:30:00,0.42,sensor_drift,1
S05,2026-08-06 12:45:00,0.48,sensor_drift,1
S05,2026-08-06 13:00:00,0.74,sensor_drift,1
S05,2026-08-06 13:15:00,-0.28,sensor_drift,1
S05,2026-08-06 13:30:00,-0.37,sensor_drift,1
S05,2026-08-06 13:45:00,-0.85,sensor_drift,1
S05,2026-08-06 14:00:00,-0.74,sensor_drift,1
S05,2026-08-06 14:15:00,-0.73,sensor_drift,1
S05,2026-08-06 14:30:00,-0.55,sensor_drift,1
S05,2026-08-06 14:45:00,-0.77,sensor_drift,1
S05,2026-08-06 15:00:00,-0.79,sensor_drift,1
S05,2026-08-06 15:15:00,-0.9,sensor_drift,1
S05,2026-08-06 15:30:00,-1.45,sensor_drift,1
S05,2026-08-06 15:45:00,-1.67,sensor_drift,1
S05,2026-08-06 16:00:00,-1.93,sensor_drift,1
S05,2026-08-06 16:15:00,-1.66,sensor_drift,1
S05,2026-08-06 16:30:00,-1.47,sensor_drift,1
S05,2026-08-06 16:45:00,-1.07,sensor_drift,1
S05,2026-08-06 17:00:00,-1.01,sensor_drift,1
S05,2026-08-06 17:15:00,-0.77,sensor_drift,1
S05,2026-08-06 17:30:00,-0.77,sensor_drift,1
S05,2026-08-06 17:45:00,-1.02,sensor_drift,1
S05,2026-08-06 18:00:00,-1.39,sensor_drift,1
S05,2026-08-06 18:15:00,-1.4,sensor_drift,1
S05,2026-08-06 18:30:00,0.31,sensor_drift,1
S05,2026-08-06 18:45:00,0.03,sensor_drift,1
S05,2026-08-06 19:00:00,-0.52,sensor_drift,1
S05,2026-08-06 19:15:00,-0.34,sensor_drift,1
S05,2026-08-06 19:30:00,-0.23,sensor_drift,1
S05,2026-08-06 19:45:00,-0.34,sensor_drift,1
S05,2026-08-06 20:00:00,-0.93,sensor_drift,1
S05,2026-08-06 20:15:00,-1.47,sensor_drift,1
S05,2026-08-06 20:30:00,-1.26,sensor_drift,1
S05,2026-08-06 20:45:00,-1.7,sensor_drift,1
S05,2026-08-06 21:00:00,-1.78,sensor_drift,1
S05,2026-08-06 21:15:00,-1.57,sensor_drift,1
S05,2026-08-06 21:30:00,-1.24,sensor_drift,1
S05,2026-08-06 21:45:00,-1.09,sensor_drift,1
S05,2026-08-06 22:00:00,-1.35,sensor_drift,1
S05,2026-08-06 22:15:00,-1.48,sensor_drift,1
S05,2026-08-06 22:30:00,-1.84,sensor_drift,1
S05,2026-08-06 22:45:00,-2.15,sensor_drift,1
S05,2026-08-06 23:00:00,-2.35,sensor_drift,1
S05,2026-08-06 23:15:00,-2.13,sensor_drift,1
S05,2026-08-06 23:30:00,-2.1,sensor_drift,1
S05,2026-08-06 23:45:00,-2.05,sensor_drift,1
S05,2026-08-07 00:00:00,-1.64,sensor_drift,1
S05,2026-08-07 00:15:00,-1.76,sensor_drift,1
S05,2026-08-07 00:30:00,-1.78,sensor_drift,1
S05,2026-08-07 00:45:00,-1.81,sensor_drift,1
S05,2026-08-07 01:00:00,-2.29,sensor_drift,1
S05,2026-08-07 01:15:00,-2.6,sensor_drift,1
S05,2026-08-07 01:30:00,-2.5,sensor_drift,1
S05,2026-08-07 01:45:00,-2.43,sensor_drift,1
S05,2026-08-07 02:00:00,-1.73,sensor_drift,1
S05,2026-08-07 02:15:00,-1.53,sensor_drift,1
S05,2026-08-07 02:30:00,-0.22,sensor_drift,1
S05,2026-08-07 02:45:00,-1.29,sensor_drift,1
S05,2026-08-07 03:00:00,-2.77,sensor_drift,1
S05,2026-08-07 03:15:00,-2.79,sensor_drift,1
S05,2026-08-07 03:30:00,-2.88,sensor_drift,1
S05,2026-08-07 03:45:00,-2.96,sensor_drift,1
S05,2026-08-07 04:00:00,-2.57,sensor_drift,1
S05,2026-08-07 04:15:00,-1.95,sensor_drift,1
S05,2026-08-07 04:30:00,-1.68,sensor_drift,1
S05,2026-08-07 04:45:00,-1.61,sensor_drift,1
S05,2026-08-07 05:00:00,-1.82,sensor_drift,1
S05,2026-08-07 05:15:00,-2.17,sensor_drift,1
S05,2026-08-07 05:30:00,-2.34,sensor_drift,1
S05,2026-08-07 05:45:00,-2.55,sensor_drift,1
S05,2026-08-07 06:00:00,-2.7,sensor_drift,1
S05,2026-08-07 06:15:00,-2.53,sensor_drift,1
S05,2026-08-07 06:30:00,-2.17,sensor_drift,1
S05,2026-08-07 06:45:00,-1.7,sensor_drift,1
S05,2026-08-07 07:00:00,-1.27,sensor_drift,1
S05,2026-08-07 07:15:00,-1.6,sensor_drift,1
S05,2026-08-07 07:30:00,-1.77,sensor_drift,1
S05,2026-08-07 07:45:00,-2.01,sensor_drift,1
S05,2026-08-07 08:00:00,-2.08,sensor_drift,1
S05,2026-08-07 08:15:00,-2.15,sensor_drift,1
S05,2026-08-07 08:30:00,-2.35,sensor_drift,1
S05,2026-08-07 08:45:00,-1.68,sensor_drift,1
S05,2026-08-07 09:00:00,-1.91,sensor_drift,1
S05,2026-08-07 09:15:00,-2.13,sensor_drift,1
S05,2026-08-07 09:30:00,-2.18,sensor_drift,1
S05,2026-08-07 09:45:00,-2.6,sensor_drift,1
S05,2026-08-07 10:00:00,-3.19,sensor_drift,1
S05,2026-08-07 10:15:00,-3.1,sensor_drift,1
S05,2026-08-07 10:30:00,-1.77,sensor_drift,1
S05,2026-08-07 10:45:00,-2.1,sensor_drift,1
S05,2026-08-07 11:00:00,-2.85,sensor_drift,1
S05,2026-08-07 11:15:00,-2.42,sensor_drift,1
S05,2026-08-07 11:30:00,-2.25,sensor_drift,1
S05,2026-08-07 11:45:00,-2.35,sensor_drift,1
S05,2026-08-07 12:00:00,-2.11,sensor_drift,1
S05,2026-08-07 12:15:00,-2.36,sensor_drift,1
S05,2026-08-07 12:30:00,-2.57,sensor_drift,1
S05,2026-08-07 12:45:00,-2.57,sensor_drift,1
S05,2026-08-07 13:00:00,-2.66,sensor_drift,1
S05,2026-08-07 13:15:00,-2.38,sensor_drift,1
S05,2026-08-07 13:30:00,-1.75,sensor_drift,1
S05,2026-08-07 13:45:00,-1.9,sensor_drift,1
S05,2026-08-07 14:00:00,-2.24,sensor_drift,1
S05,2026-08-07 14:15:00,-2.51,sensor_drift,1
S05,2026-08-07 14:30:00,-2.84,sensor_drift,1
S05,2026-08-07 14:45:00,-3.32,sensor_drift,1
S05,2026-08-07 15:00:00,-3.8,sensor_drift,1
S05,2026-08-07 15:15:00,-3.64,sensor_drift,1
S05,2026-08-07 15:30:00,-3.16,sensor_drift,1
S05,2026-08-07 15:45:00,-3.2,sensor_drift,1
S05,2026-08-07 16:00:00,-2.77,sensor_drift,1
S05,2026-08-07 16:15:00,-2.56,sensor_drift,1
S05,2026-08-07 16:30:00,-2.8,sensor_drift,1
S05,2026-08-07 16:45:00,-3.23,sensor_drift,1
S05,2026-08-07 17:00:00,-3.58,sensor_drift,1
S05,2026-08-07 17:15:00,-3.84,sensor_drift,1
S05,2026-08-07 17:30:00,-3.66,sensor_drift,1
S05,2026-08-07 17:45:00,-3.59,sensor_drift,1
S05,2026-08-07 18:00:00,-2.86,sensor_drift,1
S05,2026-08-07 18:15:00,-2.62,sensor_drift,1
S05,2026-08-07 18:30:00,-0.63,sensor_drift,1
S05,2026-08-07 18:45:00,-0.96,sensor_drift,1
S05,2026-08-07 19:00:00,-2.63,sensor_drift,1
S05,2026-08-07 19:15:00,-2.45,sensor_drift,1
S05,2026-08-07 19:30:00,-2.95,sensor_drift,1
S05,2026-08-07 19:45:00,-3.23,sensor_drift,1
S05,2026-08-07 20:00:00,-3.32,sensor_drift,1
S05,2026-08-07 20:15:00,-3.18,sensor_drift,1
S05,2026-08-07 20:30:00,-3.08,sensor_drift,1
S05,2026-08-07 20:45:00,-3.09,sensor_drift,1
S05,2026-08-07 21:00:00,-2.99,sensor_drift,1
S05,2026-08-07 21:15:00,-3.43,sensor_drift,1
S05,2026-08-07 21:30:00,-4.09,sensor_drift,1
S05,2026-08-09 12:00:00,3.37,power_outage,0
S05,2026-08-09 12:15:00,4.91,power_outage,1
S05,2026-08-09 12:30:00,5.63,power_outage,1
S05,2026-08-09 12:45:00,6.49,power_outage,1
S05,2026-08-09 13:00:00,6.73,power_outage,1
S05,2026-08-09 13:15:00,8.3,power_outage,1
S05,2026-08-09 13:30:00,8.74,power_outage,1
S05,2026-08-09 13:45:00,9.69,power_outage,1
S05,2026-08-09 14:00:00,10.33,power_outage,1
S05,2026-08-09 14:15:00,11.19,power_outage,1
S05,2026-08-09 14:30:00,11.4,power_outage,1
S05,2026-08-09 14:45:00,11.4,power_outage,1
S05,2026-08-09 15:00:00,10.99,power_outage,1
S05,2026-08-09 15:15:00,11.57,power_outage,1
S05,2026-08-09 15:30:00,11.78,power_outage,1
S05,2026-08-09 15:45:00,12.27,power_outage,1
S05,2026-08-09 16:00:00,13.26,power_outage,1
S05,2026-08-09 16:15:00,13.55,power_outage,1
S05,2026-08-09 16:30:00,14.13,power_outage,1
S05,2026-08-09 16:45:00,14.56,power_outage,1
S05,2026-08-09 17:00:00,14.67,power_outage,1
S05,2026-08-09 17:15:00,14.84,power_outage,1
S05,2026-08-09 17:30:00,14.54,power_outage,1
S05,2026-08-09 17:45:00,14.29,power_outage,1
S05,2026-08-09 18:00:00,14.5,power_outage,1
S05,2026-08-09 18:15:00,14.79,power_outage,1
S05,2026-08-09 18:30:00,16.62,power_outage,1
S05,2026-08-11 13:45:00,2.91,power_outage,0
S05,2026-08-11 14:00:00,5.09,power_outage,1
S05,2026-08-11 14:15:00,7.65,power_outage,1
S05,2026-08-11 14:30:00,9.42,power_outage,1
S05,2026-08-11 14:45:00,10.74,power_outage,1
S05,2026-08-11 15:00:00,11.4,power_outage,1
S05,2026-08-11 15:15:00,11.44,power_outage,1
S05,2026-08-11 15:30:00,12.04,power_outage,1
S05,2026-08-11 15:45:00,12.44,power_outage,1
S05,2026-08-11 16:00:00,13.21,power_outage,1
S05,2026-08-11 16:15:00,13.92,power_outage,1
S05,2026-08-11 16:30:00,14.73,power_outage,1
S05,2026-08-11 16:45:00,15.37,power_outage,1
S05,2026-08-14 02:45:00,-9.08,spike_outlier,1
S05,2026-08-17 05:30:00,3.49,door_left_open,0
S05,2026-08-17 05:45:00,4.2,door_left_open,0
S05,2026-08-17 06:00:00,5.09,door_left_open,1
S05,2026-08-17 06:15:00,6.15,door_left_open,1
S05,2026-08-17 06:30:00,6.78,door_left_open,1
S05,2026-08-17 06:45:00,5.59,door_left_open,0
S05,2026-08-17 07:00:00,4.93,door_left_open,1
S05,2026-09-06 02:15:00,18.15,spike_outlier,1
S06,2026-08-02 06:30:00,1.95,sensor_drift,1
S06,2026-08-02 06:45:00,2.48,sensor_drift,1
S06,2026-08-02 07:00:00,2.4,sensor_drift,1
S06,2026-08-02 07:15:00,2.42,sensor_drift,1
S06,2026-08-02 07:30:00,2.04,sensor_drift,1
S06,2026-08-02 07:45:00,1.38,sensor_drift,1
S06,2026-08-02 08:00:00,1.25,sensor_drift,1
S06,2026-08-02 08:15:00,1.36,sensor_drift,1
S06,2026-08-02 08:30:00,1.63,sensor_drift,1
S06,2026-08-02 08:45:00,2.47,sensor_drift,1
S06,2026-08-02 09:00:00,2.05,sensor_drift,1
S06,2026-08-02 09:15:00,1.82,sensor_drift,1
S06,2026-08-02 09:30:00,1.1,sensor_drift,1
S06,2026-08-02 09:45:00,0.96,sensor_drift,1
S06,2026-08-02 10:00:00,0.82,sensor_drift,1
S06,2026-08-02 10:15:00,1.2,sensor_drift,1
S06,2026-08-02 10:30:00,1.32,sensor_drift,1
S06,2026-08-02 10:45:00,1.85,sensor_drift,1
S06,2026-08-02 11:00:00,1.49,sensor_drift,1
S06,2026-08-02 11:15:00,1.86,sensor_drift,1
S06,2026-08-02 11:30:00,3.1,sensor_drift,1
S06,2026-08-02 11:45:00,2.58,sensor_drift,1
S06,2026-08-02 12:00:00,1.62,sensor_drift,1
S06,2026-08-02 12:15:00,1.25,sensor_drift,1
S06,2026-08-02 12:30:00,1.81,sensor_drift,1
S06,2026-08-02 12:45:00,2.02,sensor_drift,1
S06,2026-08-02 13:00:00,1.71,sensor_drift,1
S06,2026-08-02 13:15:00,2.39,sensor_drift,1
S06,2026-08-02 13:30:00,2.08,sensor_drift,1
S06,2026-08-02 13:45:00,1.05,sensor_drift,1
S06,2026-08-02 14:00:00,0.91,sensor_drift,1
S06,2026-08-02 14:15:00,0.66,sensor_drift,1
S06,2026-08-02 14:30:00,0.87,sensor_drift,1
S06,2026-08-02 14:45:00,1.03,sensor_drift,1
S06,2026-08-02 15:00:00,0.98,sensor_drift,1
S06,2026-08-02 15:15:00,1.1,sensor_drift,1
S06,2026-08-02 15:30:00,1.11,sensor_drift,1
S06,2026-08-02 15:45:00,0.8,sensor_drift,1
S06,2026-08-02 16:00:00,0.44,sensor_drift,1
S06,2026-08-02 16:15:00,0.16,sensor_drift,1
S06,2026-08-02 16:30:00,0.31,sensor_drift,1
S06,2026-08-02 16:45:00,0.78,sensor_drift,1
S06,2026-08-02 17:00:00,1.03,sensor_drift,1
S06,2026-08-02 17:15:00,1.41,sensor_drift,1
S06,2026-08-02 17:30:00,1.29,sensor_drift,1
S06,2026-08-02 17:45:00,0.79,sensor_drift,1
S06,2026-08-02 18:00:00,0.67,sensor_drift,1
S06,2026-08-02 18:15:00,0.01,sensor_drift,1
S06,2026-08-02 18:30:00,0.12,sensor_drift,1
S06,2026-08-02 18:45:00,0.82,sensor_drift,1
S06,2026-08-02 19:00:00,0.96,sensor_drift,1
S06,2026-08-02 19:15:00,1.52,sensor_drift,1
S06,2026-08-02 19:30:00,3.03,sensor_drift,1
S06,2026-08-02 19:45:00,1.78,sensor_drift,1
S06,2026-08-02 20:00:00,-0.0,sensor_drift,1
S06,2026-08-02 20:15:00,-0.1,sensor_drift,1
S06,2026-08-02 20:30:00,0.25,sensor_drift,1
S06,2026-08-02 20:45:00,0.79,sensor_drift,1
S06,2026-08-02 21:00:00,1.0,sensor_drift,1
S06,2026-08-02 21:15:00,1.21,sensor_drift,1
S06,2026-08-02 21:30:00,0.83,sensor_drift,1
S06,2026-08-02 21:45:00,0.3,sensor_drift,1
S06,2026-08-02 22:00:00,-0.17,sensor_drift,1
S06,2026-08-02 22:15:00,-0.22,sensor_drift,1
S06,2026-08-02 22:30:00,-0.32,sensor_drift,1
S06,2026-08-02 22:45:00,-0.52,sensor_drift,1
S06,2026-08-02 23:00:00,-0.31,sensor_drift,1
S06,2026-08-02 23:15:00,0.1,sensor_drift,1
S06,2026-08-02 23:30:00,0.15,sensor_drift,1
S06,2026-08-02 23:45:00,-0.24,sensor_drift,1
S06,2026-08-03 00:00:00,-0.56,sensor_drift,1
S06,2026-08-03 00:15:00,-0.72,sensor_drift,1
S06,2026-08-03 00:30:00,-0.85,sensor_drift,1
S06,2026-08-03 00:45:00,-0.59,sensor_drift,1
S06,2026-08-03 01:00:00,-0.45,sensor_drift,1
S06,2026-08-03 01:15:00,-0.05,sensor_drift,1
S06,2026-08-03 01:30:00,-0.14,sensor_drift,1
S06,2026-08-03 01:45:00,-0.22,sensor_drift,1
S06,2026-08-03 02:00:00,-0.85,sensor_drift,1
S06,2026-08-03 02:15:00,-1.39,sensor_drift,1
S06,2026-08-03 02:30:00,-1.44,sensor_drift,1
S06,2026-08-03 02:45:00,-1.23,sensor_drift,1
S06,2026-08-03 03:00:00,-0.82,sensor_drift,1
S06,2026-08-03 03:15:00,-0.47,sensor_drift,1
S06,2026-08-03 03:30:00,1.17,sensor_drift,1
S06,2026-08-03 03:45:00,0.52,sensor_drift,1
S06,2026-08-03 04:00:00,-0.76,sensor_drift,1
S06,2026-08-03 04:15:00,-1.3,sensor_drift,1
S06,2026-08-03 04:30:00,-1.51,sensor_drift,1
S06,2026-08-03 04:45:00,-1.41,sensor_drift,1
S06,2026-08-03 05:00:00,-1.1,sensor_drift,1
S06,2026-08-03 05:15:00,-0.66,sensor_drift,1
S06,2026-08-03 05:30:00,-0.6,sensor_drift,1
S06,2026-08-03 05:45:00,-0.58,sensor_drift,1
S06,2026-08-03 06:00:00,-0.85,sensor_drift,1
S06,2026-08-03 06:15:00,-1.02,sensor_drift,1
S06,2026-08-03 06:30:00,-1.2,sensor_drift,1
S06,2026-08-03 06:45:00,-1.04,sensor_drift,1
S06,2026-08-03 07:00:00,-0.62,sensor_drift,1
S06,2026-08-03 07:15:00,-0.0,sensor_drift,1
S06,2026-08-03 07:30:00,0.14,sensor_drift,1
S06,2026-08-03 07:45:00,0.58,sensor_drift,1
S06,2026-08-03 08:00:00,0.34,sensor_drift,1
S06,2026-08-03 08:15:00,0.37,sensor_drift,1
S06,2026-08-03 08:30:00,-0.09,sensor_drift,1
S06,2026-08-03 08:45:00,-0.33,sensor_drift,1
S06,2026-08-03 09:00:00,-0.42,sensor_drift,1
S06,2026-08-03 09:15:00,-0.43,sensor_drift,1
S06,2026-08-03 09:30:00,-0.19,sensor_drift,1
S06,2026-08-03 09:45:00,-0.28,sensor_drift,1
S06,2026-08-03 10:00:00,-0.72,sensor_drift,1
S06,2026-08-03 10:15:00,-1.27,sensor_drift,1
S06,2026-08-03 10:30:00,-1.37,sensor_drift,1
S06,2026-08-03 10:45:00,-1.52,sensor_drift,1
S06,2026-08-03 11:00:00,-1.62,sensor_drift,1
S06,2026-08-03 11:15:00,-0.73,sensor_drift,1
S06,2026-08-03 11:30:00,0.82,sensor_drift,1
S06,2026-08-03 11:45:00,0.7,sensor_drift,1
S06,2026-08-03 12:00:00,-0.71,sensor_drift,1
S06,2026-08-03 12:15:00,-0.05,sensor_drift,1
S06,2026-08-03 12:30:00,-1.25,sensor_drift,1
S06,2026-08-03 12:45:00,-1.6,sensor_drift,1
S06,2026-08-03 13:00:00,-1.62,sensor_drift,1
S06,2026-08-03 13:15:00,-0.71,sensor_drift,1
S06,2026-08-03 13:30:00,-0.43,sensor_drift,1
S06,2026-08-03 13:45:00,-0.51,sensor_drift,1
S06,2026-08-03 14:00:00,-0.9,sensor_drift,1
S06,2026-08-03 14:15:00,-1.58,sensor_drift,1
S06,2026-08-03 14:30:00,-1.92,sensor_drift,1
S06,2026-08-03 14:45:00,-2.19,sensor_drift,1
S06,2026-08-03 15:00:00,-2.21,sensor_drift,1
S06,2026-08-03 15:15:00,-1.44,sensor_drift,1
S06,2026-08-03 15:30:00,-1.19,sensor_drift,1
S06,2026-08-03 15:45:00,-1.05,sensor_drift,1
S06,2026-08-03 16:00:00,-0.6,sensor_drift,1
S06,2026-08-03 16:15:00,-1.03,sensor_drift,1
S06,2026-08-03 16:30:00,-1.48,sensor_drift,1
S06,2026-08-03 16:45:00,-2.09,sensor_drift,1
S06,2026-08-03 17:00:00,-2.15,sensor_drift,1
S06,2026-08-03 17:15:00,-2.24,sensor_drift,1
S06,2026-08-03 17:30:00,-1.7,sensor_drift,1
S06,2026-08-03 17:45:00,-1.46,sensor_drift,1
S06,2026-08-03 18:00:00,-1.27,sensor_drift,1
S06,2026-08-03 18:15:00,-1.71,sensor_drift,1
S06,2026-08-03 18:30:00,-1.78,sensor_drift,1
S06,2026-08-03 18:45:00,-1.75,sensor_drift,1
S06,2026-08-03 19:00:00,-2.14,sensor_drift,1
S06,2026-08-03 19:15:00,-2.38,sensor_drift,1
S06,2026-08-03 19:30:00,-0.08,sensor_drift,1
S06,2026-08-03 19:45:00,-0.74,sensor_drift,1
S06,2026-08-03 20:00:00,-1.37,sensor_drift,1
S06,2026-08-03 20:15:00,-1.43,sensor_drift,1
S06,2026-08-03 20:30:00,-1.97,sensor_drift,1
S06,2026-08-03 20:45:00,-2.5,sensor_drift,1
S06,2026-08-03 21:00:00,-2.86,sensor_drift,1
S06,2026-08-03 21:15:00,-2.62,sensor_drift,1
S06,2026-08-03 21:30:00,-2.54,sensor_drift,1
S06,2026-08-03 21:45:00,-1.92,sensor_drift,1
S06,2026-08-03 22:00:00,-2.03,sensor_drift,1
S06,2026-08-03 22:15:00,-2.31,sensor_drift,1
S06,2026-08-03 22:30:00,-2.64,sensor_drift,1
S06,2026-08-03 22:45:00,-3.27,sensor_drift,1
S06,2026-08-03 23:00:00,-3.28,sensor_drift,1
S06,2026-08-03 23:15:00,-3.03,sensor_drift,1
S06,2026-08-03 23:30:00,-2.79,sensor_drift,1
S06,2026-08-03 23:45:00,-2.5,sensor_drift,1
S06,2026-08-04 00:00:00,-2.05,sensor_drift,1
S06,2026-08-04 00:15:00,-2.15,sensor_drift,1
S06,2026-08-04 00:30:00,-2.84,sensor_drift,1
S06,2026-08-04 00:45:00,-2.85,sensor_drift,1
S06,2026-08-04 01:00:00,-3.39,sensor_drift,1
S06,2026-08-04 01:15:00,-3.58,sensor_drift,1
S06,2026-08-04 01:30:00,-3.43,sensor_drift,1
S06,2026-08-04 01:45:00,-3.11,sensor_drift,1
S06,2026-08-04 02:00:00,-2.84,sensor_drift,1
S06,2026-08-04 02:15:00,-2.79,sensor_drift,1
S06,2026-08-04 02:30:00,-2.9,sensor_drift,1
S06,2026-08-04 02:45:00,-3.27,sensor_drift,1
S06,2026-08-04 03:00:00,-3.68,sensor_drift,1
S06,2026-08-04 03:15:00,-3.31,sensor_drift,1
S06,2026-08-04 03:30:00,-1.79,sensor_drift,1
S06,2026-08-04 03:45:00,-2.06,sensor_drift,1
S06,2026-08-04 04:00:00,-3.25,sensor_drift,1
S06,2026-08-04 04:15:00,-3.33,sensor_drift,1
S06,2026-08-04 04:30:00,-3.4,sensor_drift,1
S06,2026-08-04 04:45:00,-3.66,sensor_drift,1
S06,2026-08-04 05:00:00,-3.93,sensor_drift,1
S06,2026-08-04 05:15:00,-3.85,sensor_drift,1
S06,2026-08-04 05:30:00,-3.65,sensor_drift,1
S06,2026-08-04 05:45:00,-3.39,sensor_drift,1
S06,2026-08-04 06:00:00,-2.96,sensor_drift,1
S06,2026-08-04 06:15:00,-2.44,sensor_drift,1
S06,2026-08-04 06:30:00,-2.29,sensor_drift,1
S06,2026-08-04 06:45:00,-2.45,sensor_drift,1
S06,2026-08-04 07:00:00,-3.31,sensor_drift,1
S06,2026-08-04 07:15:00,-3.45,sensor_drift,1
S06,2026-08-04 07:30:00,-3.32,sensor_drift,1
S06,2026-08-04 07:45:00,-2.79,sensor_drift,1
S06,2026-08-04 08:00:00,-2.76,sensor_drift,1
S06,2026-08-04 08:15:00,-2.13,sensor_drift,1
S06,2026-08-04 08:30:00,-2.17,sensor_drift,1
S06,2026-08-04 08:45:00,-2.93,sensor_drift,1
S06,2026-08-04 09:00:00,-3.73,sensor_drift,1
S06,2026-08-04 09:15:00,-3.72,sensor_drift,1
S06,2026-08-04 09:30:00,-4.02,sensor_drift,1
S06,2026-08-04 09:45:00,-4.0,sensor_drift,1
S06,2026-08-04 10:00:00,-3.28,sensor_drift,1
S06,2026-08-04 10:15:00,-3.1,sensor_drift,1
S06,2026-08-04 10:30:00,-3.13,sensor_drift,1
S06,2026-08-04 10:45:00,-3.22,sensor_drift,1
S06,2026-08-04 11:00:00,-3.65,sensor_drift,1
S06,2026-08-04 11:15:00,-4.0,sensor_drift,1
S06,2026-08-04 11:30:00,-2.42,sensor_drift,1
S06,2026-08-04 11:45:00,-2.64,sensor_drift,1
S06,2026-08-04 12:00:00,-2.92,sensor_drift,1
S06,2026-08-04 12:15:00,-2.66,sensor_drift,1
S06,2026-08-04 12:30:00,-2.7,sensor_drift,1
S06,2026-08-04 12:45:00,-2.87,sensor_drift,1
S06,2026-08-04 13:00:00,-2.87,sensor_drift,1
S06,2026-08-04 13:15:00,-3.93,sensor_drift,1
S06,2026-08-04 13:30:00,-3.86,sensor_drift,1
S06,2026-08-04 13:45:00,-3.92,sensor_drift,1
S06,2026-08-04 14:00:00,-3.4,sensor_drift,1
S06,2026-08-04 14:15:00,-3.06,sensor_drift,1
S06,2026-08-04 14:30:00,-3.07,sensor_drift,1
S06,2026-08-04 14:45:00,-3.47,sensor_drift,1
S06,2026-08-04 15:00:00,-4.21,sensor_drift,1
S06,2026-08-04 15:15:00,-4.44,sensor_drift,1
S06,2026-08-04 15:30:00,-4.51,sensor_drift,1
S06,2026-08-04 15:45:00,-4.86,sensor_drift,1
S06,2026-08-04 16:00:00,-4.56,sensor_drift,1
S06,2026-08-04 16:15:00,-4.31,sensor_drift,1
S06,2026-08-04 16:30:00,-4.23,sensor_drift,1
S06,2026-08-04 16:45:00,-4.39,sensor_drift,1
S06,2026-08-04 17:00:00,-4.61,sensor_drift,1
S06,2026-08-04 17:15:00,-4.43,sensor_drift,1
S06,2026-08-04 17:30:00,-4.53,sensor_drift,1
S06,2026-08-04 17:45:00,-4.89,sensor_drift,1
S06,2026-08-04 18:00:00,-4.9,sensor_drift,1
S06,2026-08-04 18:15:00,-4.18,sensor_drift,1
S06,2026-08-04 18:30:00,-3.87,sensor_drift,1
S06,2026-08-04 18:45:00,-3.67,sensor_drift,1
S06,2026-08-04 19:00:00,-3.79,sensor_drift,1
S06,2026-08-04 19:15:00,-3.93,sensor_drift,1
S06,2026-08-04 19:30:00,-2.89,sensor_drift,1
S06,2026-08-04 19:45:00,-3.3,sensor_drift,1
S06,2026-08-04 20:00:00,-4.3,sensor_drift,1
S06,2026-08-04 20:15:00,-4.54,sensor_drift,1
S06,2026-08-04 20:30:00,-4.06,sensor_drift,1
S06,2026-08-04 20:45:00,-4.3,sensor_drift,1
S06,2026-08-04 21:00:00,-4.51,sensor_drift,1
S06,2026-08-04 21:15:00,-5.17,sensor_drift,1
S06,2026-08-04 21:30:00,-5.14,sensor_drift,1
S06,2026-08-04 21:45:00,-5.32,sensor_drift,1
S06,2026-08-04 22:00:00,-5.33,sensor_drift,1
S06,2026-08-05 15:45:00,17.99,spike_outlier,1
S06,2026-08-09 16:15:00,2.94,power_outage,0
S06,2026-08-09 16:30:00,3.95,power_outage,0
S06,2026-08-09 16:45:00,4.53,power_outage,0
S06,2026-08-09 17:00:00,5.15,power_outage,1
S06,2026-08-09 17:15:00,5.76,power_outage,1
S06,2026-08-09 17:30:00,6.59,power_outage,1
S06,2026-08-09 17:45:00,7.82,power_outage,1
S06,2026-08-09 18:00:00,9.14,power_outage,1
S06,2026-08-09 18:15:00,10.04,power_outage,1
S06,2026-08-09 18:30:00,10.62,power_outage,1
S06,2026-08-09 18:45:00,11.21,power_outage,1
S06,2026-08-09 19:00:00,11.35,power_outage,1
S06,2026-08-09 19:15:00,11.61,power_outage,1
S06,2026-08-09 19:30:00,14.0,power_outage,1
S06,2026-08-09 19:45:00,13.79,power_outage,1
S06,2026-08-09 20:00:00,13.09,power_outage,1
S06,2026-08-09 20:15:00,13.42,power_outage,1
S06,2026-08-09 20:30:00,13.81,power_outage,1
S06,2026-08-09 20:45:00,13.54,power_outage,1
S06,2026-08-09 21:00:00,13.67,power_outage,1
S06,2026-08-09 21:15:00,13.28,power_outage,1
S06,2026-08-09 21:30:00,13.23,power_outage,1
S06,2026-08-09 21:45:00,13.77,power_outage,1
S06,2026-08-09 22:00:00,14.35,power_outage,1
S06,2026-08-09 22:15:00,14.66,power_outage,1
S06,2026-08-09 22:30:00,14.71,power_outage,1
S06,2026-08-09 22:45:00,14.62,power_outage,1
S06,2026-08-09 23:00:00,14.55,power_outage,1
S06,2026-08-09 23:15:00,14.49,power_outage,1
S06,2026-08-09 23:30:00,14.65,power_outage,1
S06,2026-08-12 04:00:00,2.54,power_outage,0
S06,2026-08-12 04:15:00,3.05,power_outage,0
S06,2026-08-12 04:30:00,3.71,power_outage,0
S06,2026-08-12 04:45:00,4.23,power_outage,1
S06,2026-08-12 05:00:00,4.94,power_outage,1
S06,2026-08-12 05:15:00,6.21,power_outage,1
S06,2026-08-12 05:30:00,7.62,power_outage,1
S06,2026-08-12 05:45:00,8.34,power_outage,1
S06,2026-08-12 06:00:00,8.9,power_outage,1
S06,2026-08-12 06:15:00,9.36,power_outage,1
S06,2026-08-12 06:30:00,9.84,power_outage,1
S06,2026-08-12 06:45:00,9.74,power_outage,1
S06,2026-08-12 07:00:00,10.26,power_outage,1
S06,2026-08-12 07:15:00,10.99,power_outage,1
S06,2026-08-12 07:30:00,12.16,power_outage,1
S06,2026-08-12 07:45:00,12.79,power_outage,1
S06,2026-08-12 08:00:00,13.2,power_outage,1
S06,2026-08-12 08:15:00,13.09,power_outage,1
S06,2026-08-12 08:30:00,12.75,power_outage,1
S06,2026-08-12 08:45:00,12.38,power_outage,1
S06,2026-08-12 09:00:00,12.83,power_outage,1
S06,2026-08-12 09:15:00,12.98,power_outage,1
S06,2026-08-12 09:30:00,13.48,power_outage,1
S06,2026-08-12 09:45:00,13.81,power_outage,1
S06,2026-08-12 10:00:00,14.07,power_outage,1
S06,2026-08-12 10:15:00,14.65,power_outage,1
S06,2026-08-12 10:30:00,14.56,power_outage,1
S06,2026-08-12 10:45:00,14.28,power_outage,1
S06,2026-08-12 11:00:00,14.34,power_outage,1
S06,2026-08-12 11:15:00,14.59,power_outage,1
S06,2026-08-12 11:30:00,16.61,power_outage,1
S06,2026-08-12 11:45:00,16.78,power_outage,1
S06,2026-08-12 12:00:00,16.16,power_outage,1
S06,2026-08-12 12:15:00,16.3,power_outage,1
S06,2026-08-12 12:30:00,16.44,power_outage,1
S06,2026-08-12 12:45:00,16.02,power_outage,1
S06,2026-09-01 07:30:00,21.67,spike_outlier,1
S06,2026-09-01 08:30:00,3.8,equipment_failure,0
S06,2026-09-01 08:45:00,4.22,equipment_failure,1
S06,2026-09-01 09:00:00,5.54,equipment_failure,0
S06,2026-09-01 09:15:00,6.75,equipment_failure,1
S06,2026-09-01 09:30:00,7.61,equipment_failure,1
S06,2026-09-01 09:45:00,8.94,equipment_failure,1
S06,2026-09-01 10:00:00,9.73,equipment_failure,1
S06,2026-09-01 10:15:00,10.72,equipment_failure,1
S06,2026-09-01 10:30:00,11.67,equipment_failure,1
S06,2026-09-01 10:45:00,12.26,equipment_failure,1
S06,2026-09-01 11:00:00,12.55,equipment_failure,1
S06,2026-09-01 11:15:00,12.96,equipment_failure,1
S06,2026-09-01 11:30:00,15.19,equipment_failure,1
S06,2026-09-01 11:45:00,15.73,equipment_failure,1
S06,2026-09-01 12:00:00,15.91,equipment_failure,1
S06,2026-09-01 12:15:00,16.74,equipment_failure,1
S06,2026-09-01 12:30:00,16.35,equipment_failure,1
S06,2026-09-01 12:45:00,16.69,equipment_failure,1
S06,2026-09-01 13:00:00,16.01,equipment_failure,1
S06,2026-09-01 13:15:00,17.02,equipment_failure,1
S06,2026-09-01 13:30:00,17.14,equipment_failure,1
S06,2026-09-01 13:45:00,17.53,equipment_failure,1
S06,2026-09-01 14:00:00,17.88,equipment_failure,1
S06,2026-09-01 14:15:00,17.94,equipment_failure,1
S06,2026-09-01 14:30:00,18.29,equipment_failure,1
S06,2026-09-01 14:45:00,18.22,equipment_failure,1
S06,2026-09-01 15:00:00,17.87,equipment_failure,1
S06,2026-09-01 15:15:00,17.94,equipment_failure,1
S06,2026-09-01 15:30:00,18.17,equipment_failure,1
S06,2026-09-01 15:45:00,18.51,equipment_failure,1
S06,2026-09-01 16:00:00,18.87,equipment_failure,1
S06,2026-09-01 16:15:00,19.48,equipment_failure,1
S06,2026-09-01 16:30:00,19.18,equipment_failure,1
S06,2026-09-01 16:45:00,19.01,equipment_failure,1
S06,2026-09-01 17:00:00,19.08,equipment_failure,1
S06,2026-09-01 17:15:00,19.22,equipment_failure,1
S07,2026-08-08 13:30:00,-16.03,stuck_sensor,0
S07,2026-08-08 13:45:00,-16.03,stuck_sensor,0
S07,2026-08-08 14:00:00,-16.03,stuck_sensor,1
S07,2026-08-08 14:15:00,-16.03,stuck_sensor,1
S07,2026-08-08 14:30:00,-16.03,stuck_sensor,1
S07,2026-08-08 14:45:00,-16.03,stuck_sensor,1
S07,2026-08-08 15:00:00,-16.03,stuck_sensor,1
S07,2026-08-08 15:15:00,-16.03,stuck_sensor,1
S07,2026-08-08 15:30:00,-16.03,stuck_sensor,1
S07,2026-08-08 15:45:00,-16.03,stuck_sensor,1
S07,2026-08-08 16:00:00,-16.03,stuck_sensor,1
S07,2026-08-08 16:15:00,-16.03,stuck_sensor,1
S07,2026-08-08 16:30:00,-16.03,stuck_sensor,1
S07,2026-08-08 16:45:00,-16.03,stuck_sensor,1
S07,2026-08-08 17:00:00,-16.03,stuck_sensor,1
S07,2026-08-08 17:15:00,-16.03,stuck_sensor,1
S07,2026-08-08 17:30:00,-16.03,stuck_sensor,1
S07,2026-08-08 17:45:00,-16.03,stuck_sensor,1
S07,2026-08-08 18:00:00,-16.03,stuck_sensor,1
S07,2026-08-08 18:15:00,-16.03,stuck_sensor,1
S07,2026-08-08 18:30:00,-16.03,stuck_sensor,1
S07,2026-08-08 18:45:00,-16.03,stuck_sensor,1
S07,2026-08-08 19:00:00,-16.03,stuck_sensor,1
S07,2026-08-08 19:15:00,-16.03,stuck_sensor,1
S07,2026-08-08 19:30:00,-16.03,stuck_sensor,1
S07,2026-08-08 19:45:00,-16.03,stuck_sensor,1
S07,2026-08-08 20:00:00,-16.03,stuck_sensor,1
S07,2026-08-08 20:15:00,-16.03,stuck_sensor,1
S07,2026-08-08 20:30:00,-16.03,stuck_sensor,1
S07,2026-08-08 20:45:00,-16.03,stuck_sensor,1
S07,2026-08-08 21:00:00,-16.03,stuck_sensor,1
S07,2026-08-08 21:15:00,-16.03,stuck_sensor,1
S07,2026-08-08 21:30:00,-16.03,stuck_sensor,1
S07,2026-08-08 21:45:00,-16.03,stuck_sensor,1
S07,2026-08-08 22:00:00,-16.03,stuck_sensor,1
S07,2026-08-08 22:15:00,-16.03,stuck_sensor,1
S07,2026-08-08 22:30:00,-16.03,stuck_sensor,1
S07,2026-08-08 22:45:00,-16.03,stuck_sensor,1
S07,2026-08-12 03:00:00,-15.79,door_left_open,0
S07,2026-08-12 03:15:00,-13.81,door_left_open,1
S07,2026-08-12 03:30:00,-12.13,door_left_open,1
S07,2026-08-12 03:45:00,-10.48,door_left_open,1
S07,2026-08-12 04:00:00,-9.21,door_left_open,1
S07,2026-08-12 04:15:00,-8.59,door_left_open,1
S07,2026-08-12 04:30:00,-8.91,door_left_open,1
S07,2026-08-12 04:45:00,-9.32,door_left_open,1
S07,2026-08-12 05:00:00,-6.96,door_left_open,1
S07,2026-08-12 05:15:00,-7.89,door_left_open,1
S07,2026-08-12 05:30:00,-8.65,door_left_open,1
S07,2026-08-12 05:45:00,-11.28,door_left_open,1
S07,2026-08-12 06:00:00,-13.14,door_left_open,1
S07,2026-08-24 09:15:00,-18.83,power_outage,0
S07,2026-08-24 09:30:00,-16.32,power_outage,0
S07,2026-08-24 09:45:00,-14.24,power_outage,1
S07,2026-08-24 10:00:00,-12.96,power_outage,1
S07,2026-08-24 10:15:00,-12.08,power_outage,1
S07,2026-08-24 10:30:00,-11.05,power_outage,1
S07,2026-08-24 10:45:00,-10.08,power_outage,1
S07,2026-08-24 11:00:00,-8.72,power_outage,1
S07,2026-08-24 11:15:00,-7.22,power_outage,1
S07,2026-08-24 11:30:00,-5.86,power_outage,1
S07,2026-08-24 11:45:00,-4.6,power_outage,1
S07,2026-08-24 12:00:00,-4.82,power_outage,1
S07,2026-08-24 12:15:00,-4.12,power_outage,1
S07,2026-08-24 12:30:00,-4.32,power_outage,1
S07,2026-08-24 12:45:00,-3.3,power_outage,1
S07,2026-08-24 13:00:00,0.1,power_outage,1
S07,2026-08-24 13:15:00,0.33,power_outage,1
S07,2026-08-24 13:30:00,-0.28,power_outage,1
S07,2026-08-24 13:45:00,-0.05,power_outage,1
S07,2026-08-24 14:00:00,-0.88,power_outage,1
S07,2026-08-24 14:15:00,-1.74,power_outage,1
S07,2026-08-24 14:30:00,-1.46,power_outage,1
S07,2026-08-24 14:45:00,-0.88,power_outage,1
S07,2026-08-24 15:00:00,-0.25,power_outage,1
S07,2026-09-04 20:00:00,-15.06,door_left_open,1
S07,2026-09-04 20:15:00,-13.41,door_left_open,1
S07,2026-09-04 20:30:00,-11.97,door_left_open,1
S07,2026-09-04 20:45:00,-10.12,door_left_open,1
S07,2026-09-04 21:00:00,-5.89,door_left_open,1
S07,2026-09-04 21:15:00,-6.67,door_left_open,1
S07,2026-09-04 21:30:00,-11.97,door_left_open,1
S07,2026-09-04 21:45:00,-14.84,door_left_open,1
S08,2026-08-03 18:30:00,17.19,spike_outlier,1
S08,2026-08-06 13:30:00,5.12,power_outage,0
S08,2026-08-06 13:45:00,6.21,power_outage,1
S08,2026-08-06 14:00:00,7.09,power_outage,1
S08,2026-08-06 14:15:00,7.94,power_outage,1
S08,2026-08-06 14:30:00,9.26,power_outage,1
S08,2026-08-06 14:45:00,10.34,power_outage,1
S08,2026-08-06 15:00:00,11.77,power_outage,1
S08,2026-08-06 15:15:00,12.37,power_outage,1
S08,2026-08-06 15:30:00,12.1,power_outage,1
S08,2026-08-06 15:45:00,11.79,power_outage,1
S08,2026-08-06 16:00:00,12.0,power_outage,1
S08,2026-08-06 16:15:00,11.79,power_outage,1
S08,2026-08-06 16:30:00,11.8,power_outage,1
S08,2026-08-12 23:00:00,20.02,spike_outlier,1
S08,2026-08-17 20:15:00,5.63,gasket_degradation,1
S08,2026-08-17 20:30:00,5.41,gasket_degradation,1
S08,2026-08-17 20:45:00,4.88,gasket_degradation,1
S08,2026-08-17 21:00:00,4.72,gasket_degradation,1
S08,2026-08-17 21:15:00,4.04,gasket_degradation,1
S08,2026-08-17 21:30:00,3.88,gasket_degradation,1
S08,2026-08-17 21:45:00,4.28,gasket_degradation,1
S08,2026-08-17 22:00:00,4.85,gasket_degradation,1
S08,2026-08-17 22:15:00,5.49,gasket_degradation,1
S08,2026-08-17 22:30:00,5.43,gasket_degradation,1
S08,2026-08-17 22:45:00,4.83,gasket_degradation,1
S08,2026-08-17 23:00:00,4.29,gasket_degradation,1
S08,2026-08-17 23:15:00,3.8,gasket_degradation,1
S08,2026-08-17 23:30:00,3.86,gasket_degradation,1
S08,2026-08-17 23:45:00,3.93,gasket_degradation,1
S08,2026-08-18 00:00:00,4.37,gasket_degradation,1
S08,2026-08-18 00:15:00,5.11,gasket_degradation,1
S08,2026-08-18 00:30:00,5.45,gasket_degradation,1
S08,2026-08-18 00:45:00,5.0,gasket_degradation,1
S08,2026-08-18 01:00:00,4.46,gasket_degradation,1
S08,2026-08-18 01:15:00,5.8,gasket_degradation,1
S08,2026-08-18 01:30:00,4.87,gasket_degradation,1
S08,2026-08-18 01:45:00,4.12,gasket_degradation,1
S08,2026-08-18 02:00:00,4.21,gasket_degradation,1
S08,2026-08-18 02:15:00,5.01,gasket_degradation,1
S08,2026-08-18 02:30:00,5.55,gasket_degradation,1
S08,2026-08-18 02:45:00,5.42,gasket_degradation,1
S08,2026-08-18 03:00:00,5.38,gasket_degradation,1
S08,2026-08-18 03:15:00,4.97,gasket_degradation,1
S08,2026-08-18 03:30:00,4.25,gasket_degradation,1
S08,2026-08-18 03:45:00,4.2,gasket_degradation,1
S08,2026-08-18 04:00:00,4.36,gasket_degradation,1
S08,2026-08-18 04:15:00,4.57,gasket_degradation,1
S08,2026-08-18 04:30:00,5.04,gasket_degradation,1
S08,2026-08-18 04:45:00,4.92,gasket_degradation,1
S08,2026-08-18 05:00:00,5.04,gasket_degradation,1
S08,2026-08-18 05:15:00,4.83,gasket_degradation,1
S08,2026-08-18 05:30:00,4.55,gasket_degradation,1
S08,2026-08-18 05:45:00,4.19,gasket_degradation,1
S08,2026-08-18 06:00:00,3.61,gasket_degradation,1
S08,2026-08-18 06:15:00,4.15,gasket_degradation,1
S08,2026-08-18 06:30:00,4.71,gasket_degradation,1
S08,2026-08-18 06:45:00,4.65,gasket_degradation,1
S08,2026-08-18 07:00:00,5.6,gasket_degradation,1
S08,2026-08-18 07:15:00,6.09,gasket_degradation,1
S08,2026-08-18 07:30:00,5.73,gasket_degradation,1
S08,2026-08-18 07:45:00,5.33,gasket_degradation,1
S08,2026-08-18 08:00:00,5.65,gasket_degradation,1
S08,2026-08-18 08:15:00,5.2,gasket_degradation,1
S08,2026-08-18 08:30:00,4.67,gasket_degradation,1
S08,2026-08-18 08:45:00,5.31,gasket_degradation,1
S08,2026-08-18 09:00:00,5.42,gasket_degradation,1
S08,2026-08-18 09:15:00,7.31,gasket_degradation,1
S08,2026-08-18 09:30:00,6.73,gasket_degradation,1
S08,2026-08-18 09:45:00,5.38,gasket_degradation,1
S08,2026-08-18 10:00:00,5.0,gasket_degradation,1
S08,2026-08-18 10:15:00,4.28,gasket_degradation,1
S08,2026-08-18 10:30:00,4.15,gasket_degradation,1
S08,2026-08-18 10:45:00,3.97,gasket_degradation,1
S08,2026-08-18 11:00:00,4.69,gasket_degradation,1
S08,2026-08-18 11:15:00,5.51,gasket_degradation,1
S08,2026-08-18 11:30:00,5.84,gasket_degradation,1
S08,2026-08-18 11:45:00,6.67,gasket_degradation,1
S08,2026-08-18 12:00:00,5.83,gasket_degradation,1
S08,2026-08-18 12:15:00,6.38,gasket_degradation,1
S08,2026-08-18 12:30:00,5.73,gasket_degradation,1
S08,2026-08-18 12:45:00,5.46,gasket_degradation,1
S08,2026-08-18 13:00:00,6.2,gasket_degradation,1
S08,2026-08-18 13:15:00,6.76,gasket_degradation,1
S08,2026-08-18 13:30:00,6.29,gasket_degradation,1
S08,2026-08-18 13:45:00,6.85,gasket_degradation,1
S08,2026-08-18 14:00:00,6.33,gasket_degradation,1
S08,2026-08-18 14:15:00,5.81,gasket_degradation,1
S08,2026-08-18 14:30:00,5.13,gasket_degradation,1
S08,2026-08-18 14:45:00,4.61,gasket_degradation,1
S08,2026-08-18 15:00:00,4.58,gasket_degradation,1
S08,2026-08-18 15:15:00,4.44,gasket_degradation,1
S08,2026-08-18 15:30:00,4.78,gasket_degradation,1
S08,2026-08-18 15:45:00,5.49,gasket_degradation,1
S08,2026-08-18 16:00:00,6.04,gasket_degradation,1
S08,2026-08-18 16:15:00,5.82,gasket_degradation,1
S08,2026-08-18 16:30:00,5.4,gasket_degradation,1
S08,2026-08-18 16:45:00,4.84,gasket_degradation,1
S08,2026-08-18 17:00:00,4.51,gasket_degradation,1
S08,2026-08-18 17:15:00,5.8,gasket_degradation,1
S08,2026-08-18 17:30:00,5.47,gasket_degradation,1
S08,2026-08-18 17:45:00,4.78,gasket_degradation,1
S08,2026-08-18 18:00:00,5.55,gasket_degradation,1
S08,2026-08-18 18:15:00,6.4,gasket_degradation,1
S08,2026-08-18 18:30:00,6.13,gasket_degradation,1
S08,2026-08-18 18:45:00,5.97,gasket_degradation,1
S08,2026-08-18 19:00:00,6.19,gasket_degradation,1
S08,2026-08-18 19:15:00,5.67,gasket_degradation,1
S08,2026-08-18 19:30:00,5.1,gasket_degradation,1
S08,2026-08-18 19:45:00,5.27,gasket_degradation,1
S08,2026-08-18 20:00:00,6.38,gasket_degradation,1
S08,2026-08-18 20:15:00,6.76,gasket_degradation,1
S08,2026-08-18 20:30:00,5.76,gasket_degradation,1
S08,2026-08-18 20:45:00,5.88,gasket_degradation,1
S08,2026-08-18 21:00:00,5.59,gasket_degradation,1
S08,2026-08-18 21:15:00,5.03,gasket_degradation,1
S08,2026-08-18 21:30:00,4.4,gasket_degradation,1
S08,2026-08-18 21:45:00,4.62,gasket_degradation,1
S08,2026-08-18 22:00:00,4.65,gasket_degradation,1
S08,2026-08-18 22:15:00,5.25,gasket_degradation,1
S08,2026-08-18 22:30:00,5.75,gasket_degradation,1
S08,2026-08-18 22:45:00,5.91,gasket_degradation,1
S08,2026-08-18 23:00:00,5.8,gasket_degradation,1
S08,2026-08-18 23:15:00,5.23,gasket_degradation,1
S08,2026-08-18 23:30:00,4.56,gasket_degradation,1
S08,2026-08-18 23:45:00,4.14,gasket_degradation,1
S08,2026-08-19 00:00:00,4.41,gasket_degradation,1
S08,2026-08-19 00:15:00,4.63,gasket_degradation,1
S08,2026-08-19 00:30:00,5.28,gasket_degradation,1
S08,2026-08-19 00:45:00,5.66,gasket_degradation,1
S08,2026-08-19 01:00:00,5.82,gasket_degradation,1
S08,2026-08-19 01:15:00,7.12,gasket_degradation,1
S08,2026-08-19 01:30:00,5.76,gasket_degradation,1
S08,2026-08-19 01:45:00,4.59,gasket_degradation,1
S08,2026-08-19 02:00:00,3.82,gasket_degradation,1
S08,2026-08-19 02:15:00,4.14,gasket_degradation,1
S08,2026-08-19 02:30:00,4.68,gasket_degradation,1
S08,2026-08-19 02:45:00,5.3,gasket_degradation,1
S08,2026-08-19 03:00:00,5.69,gasket_degradation,1
S08,2026-08-19 03:15:00,5.97,gasket_degradation,1
S08,2026-08-19 03:30:00,5.77,gasket_degradation,1
S08,2026-08-19 03:45:00,5.2,gasket_degradation,1
S08,2026-08-19 04:00:00,4.72,gasket_degradation,1
S08,2026-08-19 04:15:00,4.16,gasket_degradation,1
S08,2026-08-19 04:30:00,4.17,gasket_degradation,1
S08,2026-08-19 04:45:00,4.62,gasket_degradation,1
S08,2026-08-19 05:00:00,5.13,gasket_degradation,1
S08,2026-08-19 05:15:00,6.22,gasket_degradation,1
S08,2026-08-19 05:30:00,5.97,gasket_degradation,1
S08,2026-08-19 05:45:00,5.83,gasket_degradation,1
S08,2026-08-19 06:00:00,5.52,gasket_degradation,1
S08,2026-08-19 06:15:00,5.29,gasket_degradation,1
S08,2026-08-19 06:30:00,4.95,gasket_degradation,1
S08,2026-08-19 06:45:00,4.89,gasket_degradation,1
S08,2026-08-19 07:00:00,5.32,gasket_degradation,1
S08,2026-08-19 07:15:00,5.68,gasket_degradation,1
S08,2026-08-19 07:30:00,6.8,gasket_degradation,1
S08,2026-08-19 07:45:00,6.58,gasket_degradation,1
S08,2026-08-19 08:00:00,7.04,gasket_degradation,1
S08,2026-08-19 08:15:00,6.46,gasket_degradation,1
S08,2026-08-19 08:30:00,5.47,gasket_degradation,1
S08,2026-08-19 08:45:00,5.08,gasket_degradation,1
S08,2026-08-19 09:00:00,4.66,gasket_degradation,1
S08,2026-08-19 09:15:00,6.45,gasket_degradation,1
S08,2026-08-19 09:30:00,6.46,gasket_degradation,1
S08,2026-08-19 09:45:00,5.7,gasket_degradation,1
S08,2026-08-19 10:00:00,5.68,gasket_degradation,1
S08,2026-08-19 10:15:00,5.54,gasket_degradation,1
S08,2026-08-19 10:30:00,5.54,gasket_degradation,1
S08,2026-08-19 10:45:00,4.79,gasket_degradation,1
S08,2026-08-19 11:00:00,4.68,gasket_degradation,1
S08,2026-08-19 11:15:00,5.25,gasket_degradation,1
S08,2026-08-19 11:30:00,5.8,gasket_degradation,1
S08,2026-08-19 11:45:00,6.55,gasket_degradation,1
S08,2026-08-19 12:00:00,6.72,gasket_degradation,1
S08,2026-08-19 12:15:00,6.93,gasket_degradation,1
S08,2026-08-19 12:30:00,6.14,gasket_degradation,1
S08,2026-08-19 12:45:00,6.58,gasket_degradation,1
S08,2026-08-19 13:00:00,5.45,gasket_degradation,1
S08,2026-08-19 13:15:00,5.39,gasket_degradation,1
S08,2026-08-19 13:30:00,5.92,gasket_degradation,1
S08,2026-08-19 13:45:00,6.24,gasket_degradation,1
S08,2026-08-19 14:00:00,6.58,gasket_degradation,1
S08,2026-08-19 14:15:00,6.63,gasket_degradation,1
S08,2026-08-19 14:30:00,6.89,gasket_degradation,1
S08,2026-08-19 14:45:00,6.07,gasket_degradation,1
S08,2026-08-19 15:00:00,5.42,gasket_degradation,1
S08,2026-08-19 15:15:00,5.04,gasket_degradation,1
S08,2026-08-19 15:30:00,5.34,gasket_degradation,1
S08,2026-08-19 15:45:00,5.24,gasket_degradation,1
S08,2026-08-19 16:00:00,5.84,gasket_degradation,1
S08,2026-08-19 16:15:00,5.97,gasket_degradation,1
S08,2026-08-19 16:30:00,6.05,gasket_degradation,1
S08,2026-08-19 16:45:00,5.73,gasket_degradation,1
S08,2026-08-19 17:00:00,5.25,gasket_degradation,1
S08,2026-08-19 17:15:00,6.78,gasket_degradation,1
S08,2026-08-19 17:30:00,5.56,gasket_degradation,1
S08,2026-08-19 17:45:00,4.77,gasket_degradation,1
S08,2026-08-19 18:00:00,5.05,gasket_degradation,1
S08,2026-08-19 18:15:00,5.95,gasket_degradation,1
S08,2026-08-19 18:30:00,6.57,gasket_degradation,1
S08,2026-08-19 18:45:00,6.74,gasket_degradation,1
S08,2026-08-19 19:00:00,6.07,gasket_degradation,1
S08,2026-08-19 19:15:00,5.66,gasket_degradation,1
S08,2026-08-19 19:30:00,6.18,gasket_degradation,1
S08,2026-08-19 19:45:00,5.81,gasket_degradation,1
S08,2026-08-19 20:00:00,5.11,gasket_degradation,1
S08,2026-08-19 20:15:00,5.39,gasket_degradation,1
S08,2026-08-19 20:30:00,6.28,gasket_degradation,1
S08,2026-08-19 20:45:00,6.31,gasket_degradation,1
S08,2026-08-19 21:00:00,6.59,gasket_degradation,1
S08,2026-08-19 21:15:00,6.05,gasket_degradation,1
S08,2026-08-19 21:30:00,5.44,gasket_degradation,1
S08,2026-08-19 21:45:00,5.09,gasket_degradation,1
S08,2026-08-19 22:00:00,4.5,gasket_degradation,1
S08,2026-08-19 22:15:00,4.75,gasket_degradation,1
S08,2026-08-19 22:30:00,5.35,gasket_degradation,1
S08,2026-08-19 22:45:00,5.58,gasket_degradation,1
S08,2026-08-19 23:00:00,5.94,gasket_degradation,1
S08,2026-08-19 23:15:00,6.42,gasket_degradation,1
S08,2026-08-19 23:30:00,6.1,gasket_degradation,1
S08,2026-08-19 23:45:00,5.3,gasket_degradation,1
S08,2026-08-20 00:00:00,5.12,gasket_degradation,1
S08,2026-08-20 00:15:00,4.62,gasket_degradation,1
S08,2026-08-20 00:30:00,4.82,gasket_degradation,1
S08,2026-08-20 00:45:00,5.13,gasket_degradation,1
S08,2026-08-20 01:00:00,5.82,gasket_degradation,1
S08,2026-08-20 01:15:00,7.53,gasket_degradation,1
S08,2026-08-20 01:30:00,6.92,gasket_degradation,1
S08,2026-08-20 01:45:00,5.61,gasket_degradation,1
S08,2026-08-20 02:00:00,5.21,gasket_degradation,1
S08,2026-08-20 02:15:00,4.96,gasket_degradation,1
S08,2026-08-20 02:30:00,5.04,gasket_degradation,1
S08,2026-08-20 02:45:00,4.78,gasket_degradation,1
S08,2026-08-20 03:00:00,4.96,gasket_degradation,1
S08,2026-08-20 03:15:00,6.03,gasket_degradation,1
S08,2026-08-20 03:30:00,6.27,gasket_degradation,1
S08,2026-08-20 03:45:00,6.36,gasket_degradation,1
S08,2026-08-20 04:00:00,5.91,gasket_degradation,1
S08,2026-08-20 04:15:00,5.06,gasket_degradation,1
S08,2026-08-24 07:30:00,23.65,spike_outlier,1
S08,2026-08-29 07:30:00,4.57,stuck_sensor,1
S08,2026-08-29 07:45:00,4.57,stuck_sensor,1
S08,2026-08-29 08:00:00,4.57,stuck_sensor,1
S08,2026-08-29 08:15:00,4.57,stuck_sensor,1
S08,2026-08-29 08:30:00,4.57,stuck_sensor,1
S08,2026-08-29 08:45:00,4.57,stuck_sensor,1
S08,2026-08-29 09:00:00,4.57,stuck_sensor,1
S08,2026-08-29 09:15:00,4.57,stuck_sensor,1
S08,2026-08-29 09:30:00,4.57,stuck_sensor,1
S08,2026-08-29 09:45:00,4.57,stuck_sensor,1
S08,2026-08-29 10:00:00,4.57,stuck_sensor,1
S08,2026-08-29 10:15:00,4.57,stuck_sensor,1
S08,2026-08-29 10:30:00,4.57,stuck_sensor,1
S08,2026-08-29 10:45:00,4.57,stuck_sensor,1
S08,2026-08-29 11:00:00,4.57,stuck_sensor,1
S08,2026-08-29 11:15:00,4.57,stuck_sensor,1
S08,2026-08-29 11:30:00,4.57,stuck_sensor,1
S08,2026-08-29 11:45:00,4.57,stuck_sensor,1
S08,2026-08-29 12:00:00,4.57,stuck_sensor,1
S08,2026-08-29 12:15:00,4.57,stuck_sensor,1
S08,2026-08-29 12:30:00,4.57,stuck_sensor,1
S08,2026-08-29 12:45:00,4.57,stuck_sensor,1
S08,2026-08-29 13:00:00,4.57,stuck_sensor,1
S08,2026-08-29 13:15:00,4.57,stuck_sensor,1
S08,2026-08-29 13:30:00,4.57,stuck_sensor,1
S08,2026-08-29 13:45:00,4.57,stuck_sensor,1
S08,2026-08-29 14:00:00,4.57,stuck_sensor,1
S08,2026-08-29 14:15:00,4.57,stuck_sensor,1
S08,2026-08-29 14:30:00,4.57,stuck_sensor,1
S08,2026-08-29 14:45:00,4.57,stuck_sensor,1
S08,2026-08-29 15:00:00,4.57,stuck_sensor,1
S08,2026-08-29 15:15:00,4.57,stuck_sensor,1
S08,2026-08-29 15:30:00,4.57,stuck_sensor,1
S08,2026-08-29 15:45:00,4.57,stuck_sensor,1
S08,2026-08-29 16:00:00,4.57,stuck_sensor,1
S08,2026-08-29 16:15:00,4.57,stuck_sensor,1
S08,2026-08-29 16:30:00,4.57,stuck_sensor,1
S08,2026-08-29 16:45:00,4.57,stuck_sensor,1
S08,2026-08-29 17:00:00,4.57,stuck_sensor,1
S08,2026-08-29 17:15:00,4.57,stuck_sensor,1
S08,2026-08-29 17:30:00,4.57,stuck_sensor,1
S08,2026-08-29 17:45:00,4.57,stuck_sensor,1
S08,2026-08-29 18:00:00,4.57,stuck_sensor,1
S08,2026-08-29 18:15:00,4.57,stuck_sensor,1
S08,2026-08-29 18:30:00,4.57,stuck_sensor,1
S08,2026-08-29 18:45:00,4.57,stuck_sensor,1
S08,2026-08-29 19:00:00,4.57,stuck_sensor,1
S08,2026-09-01 08:45:00,5.16,stuck_sensor,0
S08,2026-09-01 09:00:00,5.16,stuck_sensor,1
S08,2026-09-01 09:15:00,5.16,stuck_sensor,1
S08,2026-09-01 09:30:00,5.16,stuck_sensor,1
S08,2026-09-01 09:45:00,5.16,stuck_sensor,1
S08,2026-09-01 10:00:00,5.16,stuck_sensor,1
S08,2026-09-01 10:15:00,5.16,stuck_sensor,1
S08,2026-09-01 10:30:00,5.16,stuck_sensor,1
S08,2026-09-01 10:45:00,5.16,stuck_sensor,1
S08,2026-09-01 11:00:00,5.16,stuck_sensor,1
S08,2026-09-01 11:15:00,5.16,stuck_sensor,1
S08,2026-09-01 11:30:00,5.16,stuck_sensor,1
S08,2026-09-01 11:45:00,5.16,stuck_sensor,1
S08,2026-09-01 12:00:00,5.16,stuck_sensor,1
S08,2026-09-01 12:15:00,5.16,stuck_sensor,1
S08,2026-09-01 12:30:00,5.16,stuck_sensor,1
S08,2026-09-03 04:45:00,3.41,power_outage,0
S08,2026-09-03 05:00:00,5.37,power_outage,0
S08,2026-09-03 05:15:00,6.82,power_outage,1
S08,2026-09-03 05:30:00,7.72,power_outage,1
S08,2026-09-03 05:45:00,8.33,power_outage,1
S08,2026-09-03 06:00:00,8.73,power_outage,1
S08,2026-09-03 06:15:00,9.25,power_outage,1
S08,2026-09-03 06:30:00,10.19,power_outage,1
S08,2026-09-03 06:45:00,10.55,power_outage,1
S08,2026-09-03 07:00:00,11.3,power_outage,1
S08,2026-09-03 07:15:00,12.69,power_outage,1
S08,2026-09-03 07:30:00,13.32,power_outage,1
S08,2026-09-03 07:45:00,13.25,power_outage,1
S08,2026-09-03 08:00:00,13.32,power_outage,1
S08,2026-09-03 08:15:00,12.77,power_outage,1
S08,2026-09-03 08:30:00,12.97,power_outage,1
S09,2026-08-05 07:30:00,3.18,power_outage,0
S09,2026-08-05 07:45:00,4.35,power_outage,1
S09,2026-08-05 08:00:00,4.99,power_outage,1
S09,2026-08-05 08:15:00,6.47,power_outage,1
S09,2026-08-05 08:30:00,7.17,power_outage,1
S09,2026-08-05 08:45:00,8.71,power_outage,1
S09,2026-08-05 09:00:00,9.35,power_outage,1
S09,2026-08-05 09:15:00,9.63,power_outage,1
S09,2026-08-05 09:30:00,10.34,power_outage,1
S09,2026-08-05 09:45:00,10.16,power_outage,1
S09,2026-08-05 10:00:00,10.64,power_outage,1
S09,2026-08-05 10:15:00,11.45,power_outage,1
S09,2026-08-05 10:30:00,12.48,power_outage,1
S09,2026-08-05 10:45:00,13.06,power_outage,1
S09,2026-08-05 11:00:00,13.49,power_outage,1
S09,2026-08-05 11:15:00,13.76,power_outage,1
S09,2026-08-05 11:30:00,13.71,power_outage,1
S09,2026-08-05 11:45:00,13.71,power_outage,1
S09,2026-08-05 12:00:00,14.16,power_outage,1
S09,2026-08-05 12:15:00,14.53,power_outage,1
S09,2026-08-05 12:30:00,15.7,power_outage,1
S09,2026-08-05 12:45:00,16.39,power_outage,1
S09,2026-08-05 13:00:00,15.88,power_outage,1
S09,2026-08-05 13:15:00,16.0,power_outage,1
S09,2026-08-05 13:30:00,15.29,power_outage,1
S09,2026-08-05 13:45:00,15.64,power_outage,1
S09,2026-08-20 10:15:00,-9.04,spike_outlier,1
S09,2026-08-25 06:15:00,-6.91,spike_outlier,1
S09,2026-08-28 22:15:00,4.18,gasket_degradation,1
S09,2026-08-28 22:30:00,5.17,gasket_degradation,1
S09,2026-08-28 22:45:00,4.34,gasket_degradation,1
S09,2026-08-28 23:00:00,3.34,gasket_degradation,1
S09,2026-08-28 23:15:00,3.62,gasket_degradation,1
S09,2026-08-28 23:30:00,3.81,gasket_degradation,1
S09,2026-08-28 23:45:00,3.89,gasket_degradation,1
S09,2026-08-29 00:00:00,3.98,gasket_degradation,1
S09,2026-08-29 00:15:00,3.72,gasket_degradation,1
S09,2026-08-29 00:30:00,3.37,gasket_degradation,1
S09,2026-08-29 00:45:00,3.42,gasket_degradation,1
S09,2026-08-29 01:00:00,3.56,gasket_degradation,1
S09,2026-08-29 01:15:00,3.89,gasket_degradation,1
S09,2026-08-29 01:30:00,4.02,gasket_degradation,1
S09,2026-08-29 01:45:00,4.24,gasket_degradation,1
S09,2026-08-29 02:00:00,4.13,gasket_degradation,1
S09,2026-08-29 02:15:00,3.71,gasket_degradation,1
S09,2026-08-29 02:30:00,3.28,gasket_degradation,1
S09,2026-08-29 02:45:00,3.1,gasket_degradation,1
S09,2026-08-29 03:00:00,3.43,gasket_degradation,1
S09,2026-08-29 03:15:00,3.73,gasket_degradation,1
S09,2026-08-29 03:30:00,4.29,gasket_degradation,1
S09,2026-08-29 03:45:00,4.37,gasket_degradation,1
S09,2026-08-29 04:00:00,3.96,gasket_degradation,1
S09,2026-08-29 04:15:00,3.5,gasket_degradation,1
S09,2026-08-29 04:30:00,3.4,gasket_degradation,1
S09,2026-08-29 04:45:00,3.59,gasket_degradation,1
S09,2026-08-29 05:00:00,4.2,gasket_degradation,1
S09,2026-08-29 05:15:00,4.52,gasket_degradation,1
S09,2026-08-29 05:30:00,4.33,gasket_degradation,1
S09,2026-08-29 05:45:00,4.07,gasket_degradation,1
S09,2026-08-29 06:00:00,3.66,gasket_degradation,1
S09,2026-08-29 06:15:00,3.34,gasket_degradation,1
S09,2026-08-29 06:30:00,4.9,gasket_degradation,1
S09,2026-08-29 06:45:00,4.96,gasket_degradation,1
S09,2026-08-29 07:00:00,4.74,gasket_degradation,1
S09,2026-08-29 07:15:00,5.09,gasket_degradation,1
S09,2026-08-29 07:30:00,5.14,gasket_degradation,1
S09,2026-08-29 07:45:00,4.5,gasket_degradation,1
S09,2026-08-29 08:00:00,4.78,gasket_degradation,1
S09,2026-08-29 08:15:00,4.05,gasket_degradation,1
S09,2026-08-29 08:30:00,4.33,gasket_degradation,1
S09,2026-08-29 08:45:00,4.35,gasket_degradation,1
S09,2026-08-29 09:00:00,5.25,gasket_degradation,1
S09,2026-08-29 09:15:00,4.94,gasket_degradation,1
S09,2026-08-29 09:30:00,4.3,gasket_degradation,1
S09,2026-08-29 09:45:00,3.88,gasket_degradation,1
S09,2026-08-29 10:00:00,3.67,gasket_degradation,1
S09,2026-08-29 10:15:00,3.99,gasket_degradation,1
S09,2026-08-29 10:30:00,4.59,gasket_degradation,1
S09,2026-08-29 10:45:00,4.77,gasket_degradation,1
S09,2026-08-29 11:00:00,4.97,gasket_degradation,1
S09,2026-08-29 11:15:00,4.71,gasket_degradation,1
S09,2026-08-29 11:30:00,4.33,gasket_degradation,1
S09,2026-08-29 11:45:00,4.01,gasket_degradation,1
S09,2026-08-29 12:00:00,4.61,gasket_degradation,1
S09,2026-08-29 12:15:00,4.98,gasket_degradation,1
S09,2026-08-29 12:30:00,5.75,gasket_degradation,1
S09,2026-08-29 12:45:00,5.65,gasket_degradation,1
S09,2026-08-29 13:00:00,5.66,gasket_degradation,1
S09,2026-08-29 13:15:00,4.99,gasket_degradation,1
S09,2026-08-29 13:30:00,4.97,gasket_degradation,1
S09,2026-08-29 13:45:00,4.56,gasket_degradation,1
S09,2026-08-29 14:00:00,4.8,gasket_degradation,1
S09,2026-08-29 14:15:00,5.15,gasket_degradation,1
S09,2026-08-29 14:30:00,6.68,gasket_degradation,1
S09,2026-08-29 14:45:00,5.86,gasket_degradation,1
S09,2026-08-29 15:00:00,5.04,gasket_degradation,1
S09,2026-08-29 15:15:00,4.57,gasket_degradation,1
S09,2026-08-29 15:30:00,4.11,gasket_degradation,1
S09,2026-08-29 15:45:00,4.26,gasket_degradation,1
S09,2026-08-29 16:00:00,4.44,gasket_degradation,1
S09,2026-08-29 16:15:00,5.06,gasket_degradation,1
S09,2026-08-29 16:30:00,5.15,gasket_degradation,1
S09,2026-08-29 16:45:00,5.12,gasket_degradation,1
S09,2026-08-29 17:00:00,4.54,gasket_degradation,1
S09,2026-08-29 17:15:00,4.31,gasket_degradation,1
S09,2026-08-29 17:30:00,4.31,gasket_degradation,1
S09,2026-08-29 17:45:00,5.08,gasket_degradation,1
S09,2026-08-29 18:00:00,5.55,gasket_degradation,1
S09,2026-08-29 18:15:00,5.91,gasket_degradation,1
S09,2026-08-29 18:30:00,5.86,gasket_degradation,1
S09,2026-08-29 18:45:00,5.14,gasket_degradation,1
S09,2026-08-29 19:00:00,5.01,gasket_degradation,1
S09,2026-08-29 19:15:00,5.23,gasket_degradation,1
S09,2026-08-29 19:30:00,5.21,gasket_degradation,1
S09,2026-08-29 19:45:00,5.42,gasket_degradation,1
S09,2026-08-29 20:00:00,5.97,gasket_degradation,1
S09,2026-08-29 20:15:00,5.98,gasket_degradation,1
S09,2026-08-29 20:30:00,5.22,gasket_degradation,1
S09,2026-08-29 20:45:00,4.72,gasket_degradation,1
S09,2026-08-29 21:00:00,4.51,gasket_degradation,1
S09,2026-08-29 21:15:00,4.68,gasket_degradation,1
S09,2026-08-29 21:30:00,4.96,gasket_degradation,1
S09,2026-08-29 21:45:00,4.78,gasket_degradation,1
S09,2026-08-29 22:00:00,4.91,gasket_degradation,1
S09,2026-08-29 22:15:00,5.15,gasket_degradation,1
S09,2026-08-29 22:30:00,6.01,gasket_degradation,1
S09,2026-08-29 22:45:00,4.78,gasket_degradation,1
S09,2026-08-29 23:00:00,3.77,gasket_degradation,1
S09,2026-08-29 23:15:00,4.28,gasket_degradation,1
S09,2026-08-29 23:30:00,4.99,gasket_degradation,1
S09,2026-08-29 23:45:00,5.33,gasket_degradation,1
S09,2026-08-30 00:00:00,5.42,gasket_degradation,1
S09,2026-08-30 00:15:00,4.85,gasket_degradation,1
S09,2026-08-30 00:30:00,4.6,gasket_degradation,1
S09,2026-08-30 00:45:00,4.24,gasket_degradation,1
S09,2026-08-30 01:00:00,4.58,gasket_degradation,1
S09,2026-08-30 01:15:00,4.87,gasket_degradation,1
S09,2026-08-30 01:30:00,5.09,gasket_degradation,1
S09,2026-08-30 01:45:00,5.26,gasket_degradation,1
S09,2026-08-30 02:00:00,4.94,gasket_degradation,1
S09,2026-08-30 02:15:00,4.41,gasket_degradation,1
S09,2026-08-30 02:30:00,4.39,gasket_degradation,1
S09,2026-08-30 02:45:00,4.78,gasket_degradation,1
S09,2026-08-30 03:00:00,4.82,gasket_degradation,1
S09,2026-08-30 03:15:00,4.98,gasket_degradation,1
S09,2026-08-30 03:30:00,5.1,gasket_degradation,1
S09,2026-08-30 03:45:00,5.17,gasket_degradation,1
S09,2026-08-30 04:00:00,4.74,gasket_degradation,1
S09,2026-08-30 04:15:00,4.67,gasket_degradation,1
S09,2026-08-30 04:30:00,4.36,gasket_degradation,1
S09,2026-08-30 04:45:00,4.69,gasket_degradation,1
S09,2026-08-30 05:00:00,5.31,gasket_degradation,1
S09,2026-08-30 05:15:00,5.9,gasket_degradation,1
S09,2026-08-30 05:30:00,5.92,gasket_degradation,1
S09,2026-08-30 05:45:00,5.3,gasket_degradation,1
S09,2026-08-30 06:00:00,4.96,gasket_degradation,1
S09,2026-08-30 06:15:00,4.71,gasket_degradation,1
S09,2026-08-30 06:30:00,6.34,gasket_degradation,1
S09,2026-08-30 06:45:00,6.23,gasket_degradation,1
S09,2026-08-30 07:00:00,5.71,gasket_degradation,1
S09,2026-08-30 07:15:00,6.25,gasket_degradation,1
S09,2026-08-30 07:30:00,6.06,gasket_degradation,1
S09,2026-08-30 07:45:00,5.81,gasket_degradation,1
S09,2026-08-30 08:00:00,5.14,gasket_degradation,1
S09,2026-08-30 08:15:00,5.34,gasket_degradation,1
S09,2026-08-30 08:30:00,5.72,gasket_degradation,1
S09,2026-08-30 08:45:00,5.95,gasket_degradation,1
S09,2026-08-30 09:00:00,5.92,gasket_degradation,1
S09,2026-08-30 09:15:00,5.6,gasket_degradation,1
S09,2026-08-30 09:30:00,5.44,gasket_degradation,1
S09,2026-08-30 09:45:00,5.36,gasket_degradation,1
S09,2026-08-30 10:00:00,5.31,gasket_degradation,1
S09,2026-08-30 10:15:00,5.49,gasket_degradation,1
S09,2026-08-30 10:30:00,5.72,gasket_degradation,1
S09,2026-08-30 10:45:00,5.95,gasket_degradation,1
S09,2026-08-30 11:00:00,6.25,gasket_degradation,1
S09,2026-08-30 11:15:00,5.91,gasket_degradation,1
S09,2026-08-30 11:30:00,5.43,gasket_degradation,1
S09,2026-08-30 11:45:00,5.17,gasket_degradation,1
S09,2026-08-30 12:00:00,5.23,gasket_degradation,1
S09,2026-08-30 12:15:00,6.22,gasket_degradation,1
S09,2026-08-30 12:30:00,6.64,gasket_degradation,1
S09,2026-08-30 12:45:00,7.18,gasket_degradation,1
S09,2026-08-30 13:00:00,6.62,gasket_degradation,1
S09,2026-08-30 13:15:00,6.14,gasket_degradation,1
S09,2026-08-30 13:30:00,5.85,gasket_degradation,1
S09,2026-08-30 13:45:00,5.59,gasket_degradation,1
S09,2026-08-30 14:00:00,5.73,gasket_degradation,1
S09,2026-08-30 14:15:00,5.98,gasket_degradation,1
S09,2026-08-30 14:30:00,7.56,gasket_degradation,1
S09,2026-08-30 14:45:00,6.89,gasket_degradation,1
S09,2026-08-30 15:00:00,5.88,gasket_degradation,1
S09,2026-08-30 15:15:00,5.43,gasket_degradation,1
S09,2026-08-30 15:30:00,5.37,gasket_degradation,1
S09,2026-08-30 15:45:00,5.31,gasket_degradation,1
S09,2026-08-30 16:00:00,5.23,gasket_degradation,1
S09,2026-08-30 16:15:00,5.49,gasket_degradation,1
S09,2026-08-30 16:30:00,5.46,gasket_degradation,1
S09,2026-08-30 16:45:00,5.6,gasket_degradation,1
S09,2026-08-30 17:00:00,5.54,gasket_degradation,1
S09,2026-08-30 17:15:00,5.43,gasket_degradation,1
S09,2026-08-30 17:30:00,5.33,gasket_degradation,1
S09,2026-08-30 17:45:00,5.72,gasket_degradation,1
S09,2026-08-30 18:00:00,6.02,gasket_degradation,1
S09,2026-08-30 18:15:00,6.24,gasket_degradation,1
S09,2026-08-30 18:30:00,6.77,gasket_degradation,1
S09,2026-09-05 13:30:00,22.0,spike_outlier,1
S10,2026-08-07 22:00:00,-19.46,equipment_failure,0
S10,2026-08-07 22:15:00,-18.05,equipment_failure,0
S10,2026-08-07 22:30:00,-16.42,equipment_failure,0
S10,2026-08-07 22:45:00,-15.0,equipment_failure,0
S10,2026-08-07 23:00:00,-14.73,equipment_failure,1
S10,2026-08-07 23:15:00,-14.53,equipment_failure,0
S10,2026-08-07 23:30:00,-14.3,equipment_failure,1
S10,2026-08-07 23:45:00,-14.06,equipment_failure,0
S10,2026-08-08 00:00:00,-12.81,equipment_failure,1
S10,2026-08-08 00:15:00,-11.17,equipment_failure,1
S10,2026-08-08 00:30:00,-10.16,equipment_failure,1
S10,2026-08-08 00:45:00,-9.23,equipment_failure,1
S10,2026-08-08 01:00:00,-8.94,equipment_failure,1
S10,2026-08-08 01:15:00,-9.03,equipment_failure,1
S10,2026-08-08 01:30:00,-8.94,equipment_failure,1
S10,2026-08-08 01:45:00,-8.97,equipment_failure,1
S10,2026-08-08 02:00:00,-7.94,equipment_failure,1
S10,2026-08-08 02:15:00,-7.03,equipment_failure,1
S10,2026-08-08 02:30:00,-2.66,equipment_failure,1
S10,2026-08-08 02:45:00,-3.15,equipment_failure,1
S10,2026-08-08 03:00:00,-4.84,equipment_failure,1
S10,2026-08-08 03:15:00,-5.14,equipment_failure,1
S10,2026-08-08 03:30:00,-5.35,equipment_failure,1
S10,2026-08-08 03:45:00,-5.1,equipment_failure,1
S10,2026-08-08 04:00:00,-4.21,equipment_failure,1
S10,2026-08-08 04:15:00,-2.87,equipment_failure,1
S10,2026-08-08 04:30:00,-1.71,equipment_failure,1
S10,2026-08-08 04:45:00,-1.24,equipment_failure,1
S10,2026-08-08 05:00:00,-1.04,equipment_failure,1
S10,2026-08-08 05:15:00,-1.69,equipment_failure,1
S10,2026-08-08 05:30:00,-1.96,equipment_failure,1
S10,2026-08-08 05:45:00,-1.43,equipment_failure,1
S10,2026-08-08 06:00:00,-1.34,equipment_failure,1
S10,2026-08-08 06:15:00,-0.37,equipment_failure,1
S10,2026-08-08 06:30:00,0.3,equipment_failure,1
S10,2026-08-08 06:45:00,1.13,equipment_failure,1
S10,2026-08-08 07:00:00,1.26,equipment_failure,1
S10,2026-08-08 07:15:00,1.23,equipment_failure,1
S10,2026-08-08 07:30:00,0.69,equipment_failure,1
S10,2026-08-08 07:45:00,0.8,equipment_failure,1
S10,2026-08-08 08:00:00,1.23,equipment_failure,1
S10,2026-08-08 08:15:00,2.36,equipment_failure,1
S10,2026-08-08 08:30:00,2.66,equipment_failure,1
S10,2026-08-08 08:45:00,3.18,equipment_failure,1
S10,2026-08-08 09:00:00,3.14,equipment_failure,1
S10,2026-08-08 09:15:00,2.77,equipment_failure,1
S10,2026-08-08 09:30:00,2.31,equipment_failure,1
S10,2026-08-08 09:45:00,1.96,equipment_failure,1
S10,2026-08-08 10:00:00,2.01,equipment_failure,1
S10,2026-08-08 10:15:00,2.52,equipment_failure,1
S10,2026-08-08 10:30:00,5.98,equipment_failure,1
S10,2026-08-08 10:45:00,5.4,equipment_failure,1
S10,2026-08-08 11:00:00,4.47,equipment_failure,1
S10,2026-08-08 11:15:00,4.07,equipment_failure,1
S10,2026-08-08 11:30:00,3.53,equipment_failure,1
S10,2026-08-08 11:45:00,2.92,equipment_failure,1
S10,2026-08-08 12:00:00,3.11,equipment_failure,1
S10,2026-08-08 12:15:00,3.74,equipment_failure,1
S10,2026-08-08 12:30:00,5.16,equipment_failure,1
S10,2026-08-08 12:45:00,5.57,equipment_failure,1
S10,2026-08-08 13:00:00,5.89,equipment_failure,1
S10,2026-08-08 13:15:00,5.19,equipment_failure,1
S10,2026-08-08 13:30:00,5.15,equipment_failure,1
S10,2026-08-08 13:45:00,4.71,equipment_failure,1
S10,2026-08-08 14:00:00,4.22,equipment_failure,1
S10,2026-08-08 14:15:00,4.56,equipment_failure,1
S10,2026-08-08 14:30:00,4.64,equipment_failure,1
S10,2026-08-08 14:45:00,5.36,equipment_failure,1
S10,2026-08-08 15:00:00,5.48,equipment_failure,1
S10,2026-08-08 15:15:00,4.98,equipment_failure,1
S10,2026-08-08 15:30:00,4.39,equipment_failure,1
S10,2026-08-08 15:45:00,3.96,equipment_failure,1
S10,2026-08-08 16:00:00,4.01,equipment_failure,1
S10,2026-08-08 16:15:00,4.44,equipment_failure,1
S10,2026-08-08 16:30:00,4.93,equipment_failure,1
S10,2026-08-12 07:30:00,-29.3,spike_outlier,1
S10,2026-08-13 04:30:00,-18.09,stuck_sensor,0
S10,2026-08-13 04:45:00,-18.09,stuck_sensor,0
S10,2026-08-13 05:00:00,-18.09,stuck_sensor,1
S10,2026-08-13 05:15:00,-18.09,stuck_sensor,1
S10,2026-08-13 05:30:00,-18.09,stuck_sensor,1
S10,2026-08-13 05:45:00,-18.09,stuck_sensor,1
S10,2026-08-13 06:00:00,-18.09,stuck_sensor,1
S10,2026-08-13 06:15:00,-18.09,stuck_sensor,1
S10,2026-08-13 06:30:00,-18.09,stuck_sensor,1
S10,2026-08-13 06:45:00,-18.09,stuck_sensor,1
S10,2026-08-13 07:00:00,-18.09,stuck_sensor,1
S10,2026-08-13 07:15:00,-18.09,stuck_sensor,1
S10,2026-08-13 07:30:00,-18.09,stuck_sensor,1
S10,2026-08-13 07:45:00,-18.09,stuck_sensor,1
S10,2026-08-13 08:00:00,-18.09,stuck_sensor,1
S10,2026-08-13 08:15:00,-18.09,stuck_sensor,1
S10,2026-08-13 08:30:00,-18.09,stuck_sensor,1
S10,2026-08-13 08:45:00,-18.09,stuck_sensor,1
S10,2026-08-13 09:00:00,-18.09,stuck_sensor,1
S10,2026-08-13 09:15:00,-18.09,stuck_sensor,1
S10,2026-08-13 09:30:00,-18.09,stuck_sensor,1
S10,2026-08-13 09:45:00,-18.09,stuck_sensor,1
S10,2026-08-13 10:00:00,-18.09,stuck_sensor,1
S10,2026-08-13 10:15:00,-18.09,stuck_sensor,1
S10,2026-08-13 10:30:00,-18.09,stuck_sensor,1
S10,2026-08-13 10:45:00,-18.09,stuck_sensor,1
S10,2026-08-13 11:00:00,-18.09,stuck_sensor,1
S10,2026-08-13 11:15:00,-18.09,stuck_sensor,1
S10,2026-08-13 11:30:00,-18.09,stuck_sensor,1
S10,2026-08-13 11:45:00,-18.09,stuck_sensor,1
S10,2026-08-13 12:00:00,-18.09,stuck_sensor,1
S10,2026-08-13 12:15:00,-18.09,stuck_sensor,1
S10,2026-08-13 12:30:00,-18.09,stuck_sensor,1
S10,2026-08-13 12:45:00,-18.09,stuck_sensor,1
S10,2026-08-13 13:00:00,-18.09,stuck_sensor,1
S10,2026-08-13 13:15:00,-18.09,stuck_sensor,1
S10,2026-08-13 13:30:00,-18.09,stuck_sensor,1
S10,2026-08-13 13:45:00,-18.09,stuck_sensor,1
S10,2026-08-13 14:00:00,-18.09,stuck_sensor,1
S10,2026-08-16 23:30:00,-18.32,gasket_degradation,1
S10,2026-08-16 23:45:00,-19.01,gasket_degradation,1
S10,2026-08-17 00:00:00,-19.16,gasket_degradation,1
S10,2026-08-17 00:15:00,-18.81,gasket_degradation,1
S10,2026-08-17 00:30:00,-17.86,gasket_degradation,1
S10,2026-08-17 00:45:00,-17.25,gasket_degradation,1
S10,2026-08-17 01:00:00,-16.8,gasket_degradation,1
S10,2026-08-17 01:15:00,-16.87,gasket_degradation,1
S10,2026-08-17 01:30:00,-17.73,gasket_degradation,1
S10,2026-08-17 01:45:00,-18.53,gasket_degradation,1
S10,2026-08-17 02:00:00,-19.0,gasket_degradation,1
S10,2026-08-17 02:15:00,-18.26,gasket_degradation,1
S10,2026-08-17 02:30:00,-15.28,gasket_degradation,1
S10,2026-08-17 02:45:00,-15.63,gasket_degradation,1
S10,2026-08-17 03:00:00,-16.77,gasket_degradation,1
S10,2026-08-17 03:15:00,-17.05,gasket_degradation,1
S10,2026-08-17 03:30:00,-17.7,gasket_degradation,0
S10,2026-08-17 03:45:00,-17.9,gasket_degradation,1
S10,2026-08-17 04:00:00,-18.69,gasket_degradation,1
S10,2026-08-17 04:15:00,-18.44,gasket_degradation,1
S10,2026-08-17 04:30:00,-17.9,gasket_degradation,1
S10,2026-08-17 04:45:00,-17.37,gasket_degradation,1
S10,2026-08-17 05:00:00,-16.91,gasket_degradation,1
S10,2026-08-17 05:15:00,-16.88,gasket_degradation,1
S10,2026-08-17 05:30:00,-17.51,gasket_degradation,1
S10,2026-08-17 05:45:00,-17.82,gasket_degradation,1
S10,2026-08-17 06:00:00,-18.04,gasket_degradation,1
S10,2026-08-17 06:15:00,-17.93,gasket_degradation,1
S10,2026-08-17 06:30:00,-17.17,gasket_degradation,1
S10,2026-08-17 06:45:00,-16.55,gasket_degradation,1
S10,2026-08-17 07:00:00,-15.66,gasket_degradation,1
S10,2026-08-17 07:15:00,-16.36,gasket_degradation,1
S10,2026-08-17 07:30:00,-16.73,gasket_degradation,1
S10,2026-08-17 07:45:00,-16.75,gasket_degradation,1
S10,2026-08-17 08:00:00,-17.51,gasket_degradation,1
S10,2026-08-17 08:15:00,-17.92,gasket_degradation,1
S10,2026-08-17 08:30:00,-16.73,gasket_degradation,1
S10,2026-08-17 08:45:00,-16.57,gasket_degradation,1
S10,2026-08-17 09:00:00,-16.25,gasket_degradation,1
S10,2026-08-17 09:15:00,-16.39,gasket_degradation,1
S10,2026-08-17 09:30:00,-17.07,gasket_degradation,1
S10,2026-08-17 09:45:00,-17.72,gasket_degradation,1
S10,2026-08-17 10:00:00,-18.23,gasket_degradation,1
S10,2026-08-17 10:15:00,-18.27,gasket_degradation,1
S10,2026-08-17 10:30:00,-15.01,gasket_degradation,1
S10,2026-08-17 10:45:00,-15.01,gasket_degradation,1
S10,2026-08-17 11:00:00,-15.8,gasket_degradation,1
S10,2026-08-17 11:15:00,-16.14,gasket_degradation,1
S10,2026-08-17 11:30:00,-16.41,gasket_degradation,1
S10,2026-08-17 11:45:00,-16.4,gasket_degradation,1
S10,2026-08-17 12:00:00,-16.93,gasket_degradation,1
S10,2026-08-17 12:15:00,-16.92,gasket_degradation,1
S10,2026-08-17 12:30:00,-16.22,gasket_degradation,1
S10,2026-08-17 12:45:00,-15.29,gasket_degradation,1
S10,2026-08-17 13:00:00,-14.77,gasket_degradation,1
S10,2026-08-17 13:15:00,-15.14,gasket_degradation,1
S10,2026-08-17 13:30:00,-15.32,gasket_degradation,1
S10,2026-08-17 13:45:00,-16.27,gasket_degradation,1
S10,2026-08-17 14:00:00,-17.38,gasket_degradation,1
S10,2026-08-17 14:15:00,-17.58,gasket_degradation,1
S10,2026-08-17 14:30:00,-17.07,gasket_degradation,1
S10,2026-08-17 14:45:00,-16.56,gasket_degradation,1
S10,2026-08-17 15:00:00,-16.33,gasket_degradation,1
S10,2026-08-17 15:15:00,-16.34,gasket_degradation,1
S10,2026-08-17 15:30:00,-16.45,gasket_degradation,1
S10,2026-08-17 15:45:00,-16.72,gasket_degradation,1
S10,2026-08-17 16:00:00,-17.2,gasket_degradation,1
S10,2026-08-17 16:15:00,-17.64,gasket_degradation,1
S10,2026-08-17 16:30:00,-17.27,gasket_degradation,1
S10,2026-08-17 16:45:00,-16.35,gasket_degradation,1
S10,2026-08-17 17:00:00,-16.27,gasket_degradation,1
S10,2026-08-17 17:15:00,-15.81,gasket_degradation,1
S10,2026-08-17 17:30:00,-16.19,gasket_degradation,1
S10,2026-08-17 17:45:00,-16.89,gasket_degradation,1
S10,2026-08-17 18:00:00,-17.42,gasket_degradation,1
S10,2026-08-17 18:15:00,-17.45,gasket_degradation,1
S10,2026-08-17 18:30:00,-14.49,gasket_degradation,1
S10,2026-08-17 18:45:00,-14.39,gasket_degradation,1
S10,2026-08-17 19:00:00,-15.17,gasket_degradation,1
S10,2026-08-17 19:15:00,-14.69,gasket_degradation,1
S10,2026-08-17 19:30:00,-15.13,gasket_degradation,1
S10,2026-08-17 19:45:00,-15.7,gasket_degradation,1
S10,2026-08-17 20:00:00,-16.41,gasket_degradation,1
S10,2026-08-17 20:15:00,-16.67,gasket_degradation,1
S10,2026-08-17 20:30:00,-16.17,gasket_degradation,1
S10,2026-08-17 20:45:00,-15.8,gasket_degradation,1
S10,2026-08-17 21:00:00,-16.03,gasket_degradation,1
S10,2026-08-17 21:15:00,-15.89,gasket_degradation,1
S10,2026-08-17 21:30:00,-16.04,gasket_degradation,1
S10,2026-08-17 21:45:00,-16.49,gasket_degradation,1
S10,2026-08-17 22:00:00,-17.16,gasket_degradation,1
S10,2026-08-17 22:15:00,-17.73,gasket_degradation,1
S10,2026-08-17 22:30:00,-17.63,gasket_degradation,1
S10,2026-08-17 22:45:00,-16.81,gasket_degradation,1
S10,2026-08-17 23:00:00,-16.04,gasket_degradation,1
S10,2026-08-17 23:15:00,-15.71,gasket_degradation,1
S10,2026-08-17 23:30:00,-15.73,gasket_degradation,1
S10,2026-08-17 23:45:00,-16.12,gasket_degradation,1
S10,2026-08-18 00:00:00,-16.94,gasket_degradation,1
S10,2026-08-18 00:15:00,-17.36,gasket_degradation,1
S10,2026-08-18 00:30:00,-17.54,gasket_degradation,1
S10,2026-08-18 00:45:00,-16.89,gasket_degradation,1
S10,2026-08-18 01:00:00,-16.1,gasket_degradation,1
S10,2026-08-18 01:15:00,-15.64,gasket_degradation,1
S10,2026-08-18 01:30:00,-16.08,gasket_degradation,1
S10,2026-08-18 01:45:00,-16.53,gasket_degradation,1
S10,2026-08-18 02:00:00,-16.76,gasket_degradation,1
S10,2026-08-18 02:15:00,-17.2,gasket_degradation,1
S10,2026-08-18 02:30:00,-14.27,gasket_degradation,1
S10,2026-08-18 02:45:00,-14.8,gasket_degradation,1
S10,2026-08-18 03:00:00,-15.65,gasket_degradation,1
S10,2026-08-18 03:15:00,-15.57,gasket_degradation,1
S10,2026-08-18 03:30:00,-15.64,gasket_degradation,1
S10,2026-08-18 03:45:00,-16.42,gasket_degradation,1
S10,2026-08-18 04:00:00,-16.71,gasket_degradation,1
S10,2026-08-18 04:15:00,-16.81,gasket_degradation,1
S10,2026-08-18 04:30:00,-16.92,gasket_degradation,1
S10,2026-08-18 04:45:00,-16.45,gasket_degradation,1
S10,2026-08-18 05:00:00,-15.8,gasket_degradation,1
S10,2026-08-18 05:15:00,-15.64,gasket_degradation,1
S10,2026-08-18 05:30:00,-15.83,gasket_degradation,1
S10,2026-08-18 05:45:00,-16.07,gasket_degradation,1
S10,2026-08-18 06:00:00,-16.81,gasket_degradation,1
S10,2026-08-18 06:15:00,-16.67,gasket_degradation,1
S10,2026-08-18 06:30:00,-16.9,gasket_degradation,1
S10,2026-08-18 06:45:00,-15.94,gasket_degradation,1
S10,2026-08-18 07:00:00,-15.12,gasket_degradation,1
S10,2026-08-18 07:15:00,-14.86,gasket_degradation,1
S10,2026-08-18 07:30:00,-14.43,gasket_degradation,1
S10,2026-08-18 07:45:00,-15.31,gasket_degradation,1
S10,2026-08-18 08:00:00,-15.1,gasket_degradation,1
S10,2026-08-18 08:15:00,-15.55,gasket_degradation,1
S10,2026-08-18 08:30:00,-16.13,gasket_degradation,1
S10,2026-08-18 08:45:00,-16.2,gasket_degradation,1
S10,2026-08-18 09:00:00,-15.65,gasket_degradation,1
S10,2026-08-18 09:15:00,-14.9,gasket_degradation,1
S10,2026-08-18 09:30:00,-14.86,gasket_degradation,1
S10,2026-08-18 09:45:00,-15.22,gasket_degradation,1
S10,2026-08-18 10:00:00,-15.75,gasket_degradation,1
S10,2026-08-18 10:15:00,-16.28,gasket_degradation,1
S10,2026-08-18 10:30:00,-13.77,gasket_degradation,1
S10,2026-08-18 10:45:00,-14.49,gasket_degradation,1
S10,2026-08-18 11:00:00,-15.43,gasket_degradation,1
S10,2026-08-18 11:15:00,-14.67,gasket_degradation,1
S10,2026-08-18 11:30:00,-14.74,gasket_degradation,1
S10,2026-08-18 11:45:00,-14.84,gasket_degradation,1
S10,2026-08-18 12:00:00,-14.93,gasket_degradation,1
S10,2026-08-18 12:15:00,-15.43,gasket_degradation,1
S10,2026-08-18 12:30:00,-15.67,gasket_degradation,1
S10,2026-08-18 12:45:00,-15.17,gasket_degradation,1
S10,2026-08-18 13:00:00,-15.14,gasket_degradation,1
S10,2026-08-18 13:15:00,-14.29,gasket_degradation,1
S10,2026-08-18 13:30:00,-14.07,gasket_degradation,1
S10,2026-08-18 13:45:00,-14.26,gasket_degradation,1
S10,2026-08-18 14:00:00,-15.5,gasket_degradation,1
S10,2026-08-25 13:30:00,-14.13,door_left_open,1
S10,2026-08-25 13:45:00,-12.31,door_left_open,1
S10,2026-08-25 14:00:00,-11.34,door_left_open,1
S10,2026-08-25 14:15:00,-10.32,door_left_open,1
S10,2026-08-25 14:30:00,-9.84,door_left_open,1
S10,2026-08-25 14:45:00,-9.09,door_left_open,1
S10,2026-08-25 15:00:00,-8.1,door_left_open,1
S10,2026-08-25 15:15:00,-7.51,door_left_open,1
S10,2026-08-25 15:30:00,-7.48,door_left_open,1
S10,2026-08-25 15:45:00,-7.99,door_left_open,1
S10,2026-08-25 16:00:00,-8.59,door_left_open,1
S10,2026-08-25 16:15:00,-12.57,door_left_open,1
S10,2026-08-25 16:30:00,-14.88,door_left_open,1
S10,2026-08-28 14:00:00,-30.17,spike_outlier,1
S10,2026-09-04 06:00:00,-17.73,stuck_sensor,0
S10,2026-09-04 06:15:00,-17.73,stuck_sensor,0
S10,2026-09-04 06:30:00,-17.73,stuck_sensor,1
S10,2026-09-04 06:45:00,-17.73,stuck_sensor,1
S10,2026-09-04 07:00:00,-17.73,stuck_sensor,1
S10,2026-09-04 07:15:00,-17.73,stuck_sensor,1
S10,2026-09-04 07:30:00,-17.73,stuck_sensor,1
S10,2026-09-04 07:45:00,-17.73,stuck_sensor,1
S10,2026-09-04 08:00:00,-17.73,stuck_sensor,1
S10,2026-09-04 08:15:00,-17.73,stuck_sensor,1
S10,2026-09-04 08:30:00,-17.73,stuck_sensor,1
S10,2026-09-04 08:45:00,-17.73,stuck_sensor,1
S10,2026-09-04 09:00:00,-17.73,stuck_sensor,1
S10,2026-09-04 09:15:00,-17.73,stuck_sensor,1
S10,2026-09-04 09:30:00,-17.73,stuck_sensor,1
S10,2026-09-04 09:45:00,-17.73,stuck_sensor,1
