date,unit_id,metric,value,expected,z,method,severity,label
2024-01-31,U1,loss_pct,8.323923262230252,6.940785719974251,3.2086649021600535,EWMA,MEDIUM,raw-material loss
2024-04-09,U1,loss_pct,9.370059909076845,7.134890919815823,3.305326544736586,EWMA,MEDIUM,raw-material loss
2024-06-03,U1,loss_pct,8.832601414655414,7.015622494076158,4.291065989584925,EWMA,MEDIUM,raw-material loss
2024-06-21,U1,loss_pct,8.555693885508358,6.994523974651848,3.0385374303166306,EWMA,MEDIUM,raw-material loss
2024-07-01,U1,loss_pct,8.42071430785418,7.420161706687217,3.2572780970918753,EWMA,MEDIUM,raw-material loss
2024-08-18,U1,loss_pct,9.1665402589885,7.431733520095186,3.491137826389658,EWMA,MEDIUM,raw-material loss
2024-12-23,U1,loss_pct,9.026199505875683,7.6024576175986684,4.801037407851763,EWMA,MEDIUM,raw-material loss
2025-04-19,U1,loss_pct,9.017472696750332,6.794349114732398,3.368473077099409,EWMA,MEDIUM,raw-material loss
2025-04-25,U1,loss_pct,9.059967485151434,7.404962128381429,3.7524354887951574,EWMA,MEDIUM,raw-material loss
2024-07-12,U1,loss_pct,8.208598271642158,7.384078661464775,1.561171882475222,CUSUM,MEDIUM,raw-material loss
2024-07-19,U1,loss_pct,9.033543078792162,7.384078661464775,3.1231488465397432,CUSUM,MEDIUM,raw-material loss
2024-10-23,U1,loss_pct,8.707866203277302,7.384078661464775,2.5065018019451335,CUSUM,MEDIUM,raw-material loss
2024-12-04,U1,loss_pct,9.099950024199124,7.384078661464775,3.2488858874672633,CUSUM,MEDIUM,raw-material loss
2025-02-18,U1,loss_pct,8.774038112206423,7.384078661464775,2.6317938172649753,CUSUM,MEDIUM,raw-material loss
2024-03-15,U1,downtime_pct,53.59725866711043,6.3553714032308015,30.243496159168398,EWMA,HIGH,machine downtime
2024-03-16,U1,downtime_pct,74.76194503315557,6.3553714032308015,43.79278785545707,EWMA,HIGH,machine downtime
2024-05-31,U1,downtime_pct,11.26805189778182,5.842915805007196,5.23419474171743,EWMA,HIGH,machine downtime
2024-07-19,U1,downtime_pct,9.681911197148741,5.815427300808194,4.137485059119971,EWMA,MEDIUM,machine downtime
2024-07-20,U1,downtime_pct,9.97322559944013,5.815427300808194,4.449217635616115,EWMA,MEDIUM,machine downtime
2024-07-21,U1,downtime_pct,8.63595279110285,5.815427300808194,3.0182156160035194,EWMA,MEDIUM,machine downtime
2024-08-02,U1,downtime_pct,10.655794680694225,6.00491425086481,6.2756674488839295,EWMA,HIGH,machine downtime
2024-10-11,U1,downtime_pct,11.367234534628338,6.767332550691178,3.839354687760806,EWMA,MEDIUM,machine downtime
2024-11-06,U1,downtime_pct,8.876925754171832,5.803445635305222,3.1720957484100976,EWMA,MEDIUM,machine downtime
2024-11-13,U1,downtime_pct,11.153462162560794,6.485946061414072,4.181360571256711,EWMA,MEDIUM,machine downtime
2025-02-11,U1,downtime_pct,8.25416040008011,6.131277938254696,4.005641291133845,EWMA,MEDIUM,machine downtime
2025-02-16,U1,downtime_pct,10.633016753618081,7.3054804067350245,3.3080117309018084,EWMA,MEDIUM,machine downtime
2025-04-04,U1,downtime_pct,10.062264627363513,6.476063710437177,4.235820001948126,EWMA,MEDIUM,machine downtime
2025-04-06,U1,downtime_pct,9.537389903005016,6.643822087369232,3.749462332094621,EWMA,MEDIUM,machine downtime
2025-04-27,U1,downtime_pct,9.157133160500827,5.085857597072712,4.753065989143488,EWMA,MEDIUM,machine downtime
2025-04-29,U1,downtime_pct,7.4713319076219085,5.119207174589459,3.2703393724880128,EWMA,MEDIUM,machine downtime
2025-05-01,U1,downtime_pct,6.927827301039495,5.0427127850542695,3.0516080258787124,EWMA,MEDIUM,machine downtime
2025-05-22,U1,downtime_pct,11.04031801132986,6.076415510949524,4.2848515959727385,EWMA,MEDIUM,machine downtime
2024-01-25,U1,downtime_pct,8.071117263994578,6.181383515342488,2.4155431325493564,CUSUM,MEDIUM,machine downtime
2024-02-07,U1,downtime_pct,9.477086953180711,6.181383515342488,4.2127171681554545,CUSUM,MEDIUM,machine downtime
2024-02-21,U1,downtime_pct,8.17877562810881,6.181383515342488,2.553156921943296,CUSUM,MEDIUM,machine downtime
2024-03-15,U1,downtime_pct,53.59725866711043,6.181383515342488,60.60911579653289,CUSUM,HIGH,machine downtime
2024-03-16,U1,downtime_pct,74.76194503315557,6.181383515342488,87.66277499086502,CUSUM,HIGH,machine downtime
2024-03-23,U1,downtime_pct,7.892826465233301,6.181383515342488,2.1876437711436925,CUSUM,MEDIUM,machine downtime
2024-03-28,U1,downtime_pct,8.676181424971546,6.181383515342488,3.1889635045155935,CUSUM,MEDIUM,machine downtime
2024-04-16,U1,downtime_pct,8.224014393754253,6.181383515342488,2.6109831579184988,CUSUM,MEDIUM,machine downtime
2024-04-30,U1,downtime_pct,10.557336997053376,6.181383515342488,5.59354162386197,CUSUM,HIGH,machine downtime
2024-05-04,U1,downtime_pct,9.043110161487373,6.181383515342488,3.6579884082926593,CUSUM,MEDIUM,machine downtime
2024-05-31,U1,downtime_pct,11.26805189778182,6.181383515342488,6.50200954897556,CUSUM,HIGH,machine downtime
2024-06-04,U1,downtime_pct,10.143570451424644,6.181383515342488,5.064646514439779,CUSUM,HIGH,machine downtime
2024-06-11,U1,downtime_pct,9.850574433693392,6.181383515342488,4.690125755100082,CUSUM,MEDIUM,machine downtime
2024-06-14,U1,downtime_pct,7.524341829342722,6.181383515342488,1.7166300464270112,CUSUM,MEDIUM,machine downtime
2024-07-01,U1,downtime_pct,9.971792795587556,6.181383515342488,4.845072546848487,CUSUM,MEDIUM,machine downtime
2024-07-20,U1,downtime_pct,9.97322559944013,6.181383515342488,4.846904021525195,CUSUM,MEDIUM,machine downtime
2024-07-24,U1,downtime_pct,8.866118784466412,6.181383515342488,3.431750026516186,CUSUM,MEDIUM,machine downtime
2024-08-02,U1,downtime_pct,10.655794680694225,6.181383515342488,5.719394687413916,CUSUM,HIGH,machine downtime
2024-08-12,U1,downtime_pct,9.083754792751462,6.181383515342488,3.709942213951789,CUSUM,MEDIUM,machine downtime
2024-08-22,U1,downtime_pct,8.774825599210722,6.181383515342488,3.3150549487835517,CUSUM,MEDIUM,machine downtime
2024-09-19,U1,downtime_pct,8.476909599505532,6.181383515342488,2.934245245999896,CUSUM,MEDIUM,machine downtime
2024-10-11,U1,downtime_pct,11.367234534628338,6.181383515342488,6.628789280497861,CUSUM,HIGH,machine downtime
2024-11-08,U1,downtime_pct,8.336646199955927,6.181383515342488,2.754954225890982,CUSUM,MEDIUM,machine downtime
2024-11-13,U1,downtime_pct,11.153462162560794,6.181383515342488,6.355535767591684,CUSUM,HIGH,machine downtime
2024-11-29,U1,downtime_pct,10.230638221731079,6.181383515342488,5.17594047570819,CUSUM,HIGH,machine downtime
2024-12-03,U1,downtime_pct,9.55875559825229,6.181383515342488,4.317109723396622,CUSUM,MEDIUM,machine downtime
2024-12-23,U1,downtime_pct,10.732182160650806,6.181383515342488,5.817036618587282,CUSUM,HIGH,machine downtime
2024-12-26,U1,downtime_pct,7.61539336277924,6.181383515342488,1.8330162338767226,CUSUM,MEDIUM,machine downtime
2025-01-02,U1,downtime_pct,8.8003432891416,6.181383515342488,3.347672813980181,CUSUM,MEDIUM,machine downtime
2025-01-15,U1,downtime_pct,8.11770751861146,6.181383515342488,2.4750969028430867,CUSUM,MEDIUM,machine downtime
2025-02-01,U1,downtime_pct,7.572718464916859,6.181383515342488,1.7784672496416438,CUSUM,MEDIUM,machine downtime
2025-02-14,U1,downtime_pct,8.4139344158086,6.181383515342488,2.8537475184186083,CUSUM,MEDIUM,machine downtime
2025-02-16,U1,downtime_pct,10.633016753618081,6.181383515342488,5.690278910992114,CUSUM,HIGH,machine downtime
2025-02-21,U1,downtime_pct,9.379019586603587,6.181383515342488,4.087363025524758,CUSUM,MEDIUM,machine downtime
2025-03-01,U1,downtime_pct,7.473927956145079,6.181383515342488,1.652188753956767,CUSUM,MEDIUM,machine downtime
2025-03-21,U1,downtime_pct,7.347435506083239,6.181383515342488,1.4905003842146478,CUSUM,MEDIUM,machine downtime
2025-04-04,U1,downtime_pct,10.062264627363513,6.181383515342488,4.960717733421174,CUSUM,MEDIUM,machine downtime
2025-04-07,U1,downtime_pct,7.983477824941118,6.181383515342488,2.3035184384372553,CUSUM,MEDIUM,machine downtime
2025-05-06,U1,downtime_pct,6.774955417067054,6.181383515342488,0.7587304465021789,CUSUM,MEDIUM,machine downtime
2025-05-13,U1,downtime_pct,9.462341152147054,6.181383515342488,4.193868418459263,CUSUM,MEDIUM,machine downtime
2025-05-22,U1,downtime_pct,11.04031801132986,6.181383515342488,6.210909797034218,CUSUM,HIGH,machine downtime
2025-06-09,U1,downtime_pct,9.73044844891508,6.181383515342488,4.53657528917918,CUSUM,MEDIUM,machine downtime
2024-03-13,U1,energy_per_kg,0.2707086776350447,0.23913663811776847,3.8689995941037907,EWMA,MEDIUM,energy per kg
2024-04-02,U1,energy_per_kg,0.26109313146224256,0.23106545149977337,3.012546698100728,EWMA,MEDIUM,energy per kg
2024-04-24,U1,energy_per_kg,0.35446085403067457,0.2483493722586192,10.00423355122946,EWMA,HIGH,energy per kg
2024-04-25,U1,energy_per_kg,0.3726192231404459,0.2483493722586192,11.716211957805848,EWMA,HIGH,energy per kg
2024-04-26,U1,energy_per_kg,0.33394566296437717,0.2483493722586192,8.070053014421752,EWMA,HIGH,energy per kg
2024-07-06,U1,energy_per_kg,0.32170438790616507,0.27122889965852287,4.389873324450708,EWMA,MEDIUM,energy per kg
2024-07-08,U1,energy_per_kg,0.30451319050922904,0.2714410629277825,3.435047905352369,EWMA,MEDIUM,energy per kg
2024-08-08,U1,energy_per_kg,0.2734113410688927,0.24494508009493168,4.019236849933116,EWMA,MEDIUM,energy per kg
2024-11-04,U1,energy_per_kg,0.28934989712128995,0.23610951629974242,3.1913172493222297,EWMA,MEDIUM,energy per kg
2025-02-08,U1,energy_per_kg,0.2749958659991366,0.24359369521003338,3.1564659174997542,EWMA,MEDIUM,energy per kg
2025-02-16,U1,energy_per_kg,0.38683690478169075,0.23473538708202574,21.017884851350708,EWMA,HIGH,energy per kg
2025-02-17,U1,energy_per_kg,0.4101598152923963,0.23473538708202574,24.2407208553957,EWMA,HIGH,energy per kg
2025-02-21,U1,energy_per_kg,0.26144401472456574,0.23325858427700427,4.073957810112837,EWMA,MEDIUM,energy per kg
2025-03-25,U1,energy_per_kg,0.2887300245121069,0.24366811048090473,3.0268667979213317,EWMA,MEDIUM,energy per kg
2024-04-24,U1,energy_per_kg,0.35446085403067457,0.2407816346128831,9.725724800449605,CUSUM,HIGH,energy per kg
2024-04-25,U1,energy_per_kg,0.3726192231404459,0.2407816346128831,11.27924796581875,CUSUM,HIGH,energy per kg
2024-04-26,U1,energy_per_kg,0.33394566296437717,0.2407816346128831,7.97056582274621,CUSUM,HIGH,energy per kg
2024-06-28,U1,energy_per_kg,0.2705549192035681,0.2407816346128831,2.5472269586076206,CUSUM,MEDIUM,energy per kg
2024-07-02,U1,energy_per_kg,0.2802994568590132,0.2407816346128831,3.3809122357396766,CUSUM,MEDIUM,energy per kg
2024-07-05,U1,energy_per_kg,0.27563533626809295,0.2407816346128831,2.981877534976229,CUSUM,MEDIUM,energy per kg
2024-07-06,U1,energy_per_kg,0.32170438790616507,0.2407816346128831,6.923274391361296,CUSUM,HIGH,energy per kg
2024-07-08,U1,energy_per_kg,0.30451319050922904,0.2407816346128831,5.452496744143935,CUSUM,HIGH,energy per kg
2024-07-10,U1,energy_per_kg,0.2871414188206178,0.2407816346128831,3.966270223545284,CUSUM,MEDIUM,energy per kg
2024-07-12,U1,energy_per_kg,0.3072131398674152,0.2407816346128831,5.6834885170234,CUSUM,HIGH,energy per kg
2024-07-13,U1,energy_per_kg,0.3155623665503378,0.2407816346128831,6.3977992013380325,CUSUM,HIGH,energy per kg
2024-07-15,U1,energy_per_kg,0.2921055232908252,0.2407816346128831,4.390969779059322,CUSUM,MEDIUM,energy per kg
2024-08-12,U1,energy_per_kg,0.26621786599424957,0.2407816346128831,2.1761742176161802,CUSUM,MEDIUM,energy per kg
2024-08-15,U1,energy_per_kg,0.2830718705784589,0.2407816346128831,3.6181036327814105,CUSUM,MEDIUM,energy per kg
2024-08-18,U1,energy_per_kg,0.27259457115007113,0.2407816346128831,2.7217275720177536,CUSUM,MEDIUM,energy per kg
2024-08-20,U1,energy_per_kg,0.2893008581385575,0.2407816346128831,4.151019139284807,CUSUM,MEDIUM,energy per kg
2024-08-23,U1,energy_per_kg,0.2985474835573121,0.2407816346128831,4.942105976582131,CUSUM,MEDIUM,energy per kg
2024-08-24,U1,energy_per_kg,0.3222295857384611,0.2407816346128831,6.968207226129729,CUSUM,HIGH,energy per kg
2024-08-25,U1,energy_per_kg,0.3053621202638077,0.2407816346128831,5.525126176420396,CUSUM,HIGH,energy per kg
2024-11-05,U1,energy_per_kg,0.26238879154721306,0.2407816346128831,1.8485811491289201,CUSUM,MEDIUM,energy per kg
2024-11-08,U1,energy_per_kg,0.2792451510640382,0.2407816346128831,3.2907120384656148,CUSUM,MEDIUM,energy per kg
2024-11-10,U1,energy_per_kg,0.28495057890180914,0.2407816346128831,3.77883485724616,CUSUM,MEDIUM,energy per kg
2024-11-16,U1,energy_per_kg,0.2773685875004813,0.2407816346128831,3.1301643070228993,CUSUM,MEDIUM,energy per kg
2024-11-19,U1,energy_per_kg,0.28078972886094344,0.2407816346128831,3.4228570220652665,CUSUM,MEDIUM,energy per kg
2024-11-20,U1,energy_per_kg,0.3132239636368385,0.2407816346128831,6.197739213894942,CUSUM,HIGH,energy per kg
2024-11-21,U1,energy_per_kg,0.3056792069730325,0.2407816346128831,5.552254248618595,CUSUM,HIGH,energy per kg
2024-11-23,U1,energy_per_kg,0.3087366334402743,0.2407816346128831,5.813829658533404,CUSUM,HIGH,energy per kg
2024-11-25,U1,energy_per_kg,0.2898557546801596,0.2407816346128831,4.198492820789509,CUSUM,MEDIUM,energy per kg
2024-11-26,U1,energy_per_kg,0.3106780108467437,0.2407816346128831,5.979922480826101,CUSUM,HIGH,energy per kg
2024-11-28,U1,energy_per_kg,0.29683781173023105,0.2407816346128831,4.7958365196450465,CUSUM,MEDIUM,energy per kg
2025-02-16,U1,energy_per_kg,0.38683690478169075,0.2407816346128831,12.495629109631487,CUSUM,HIGH,energy per kg
2025-02-17,U1,energy_per_kg,0.4101598152923963,0.2407816346128831,14.491000034364765,CUSUM,HIGH,energy per kg
2025-02-28,U1,energy_per_kg,0.2756871490232422,0.2407816346128831,2.9863103292926887,CUSUM,MEDIUM,energy per kg
2025-03-28,U1,energy_per_kg,0.2614113934921657,0.2407816346128831,1.764960725338451,CUSUM,MEDIUM,energy per kg
2025-04-01,U1,energy_per_kg,0.2692203992402852,0.2407816346128831,2.433053286672954,CUSUM,MEDIUM,energy per kg
2025-04-03,U1,energy_per_kg,0.2694785461729959,0.2407816346128831,2.4551388185624483,CUSUM,MEDIUM,energy per kg
2025-04-06,U1,energy_per_kg,0.2737441404917061,0.2407816346128831,2.8200779575414763,CUSUM,MEDIUM,energy per kg
2025-04-07,U1,energy_per_kg,0.30606346208444074,0.2407816346128831,5.5851288538970465,CUSUM,HIGH,energy per kg
2025-04-09,U1,energy_per_kg,0.30112628810028436,0.2407816346128831,5.1627333122337005,CUSUM,HIGH,energy per kg
2025-04-11,U1,energy_per_kg,0.3034085662437764,0.2407816346128831,5.357991594753281,CUSUM,HIGH,energy per kg
2025-04-13,U1,energy_per_kg,0.2612932027726947,0.2407816346128831,1.7548490231519895,CUSUM,MEDIUM,energy per kg
2024-01-20,U1,overprod_pct,6.264480034821448,2.272228411075917,4.507361464750385,EWMA,MEDIUM,overproduction
2024-01-25,U1,overprod_pct,3.983895177529403,2.3933422411091567,3.044947549044529,EWMA,MEDIUM,overproduction
2024-01-27,U1,overprod_pct,6.086722012050584,2.660610265427994,5.230199712272688,EWMA,HIGH,overproduction
2024-01-29,U1,overprod_pct,5.171106224034842,2.858634686829403,3.522034034547307,EWMA,MEDIUM,overproduction
2024-02-15,U1,overprod_pct,15.863423854941287,2.5163068338536285,11.156816743686774,EWMA,HIGH,overproduction
2024-02-16,U1,overprod_pct,15.080067424597651,2.5163068338536285,10.50201135578733,EWMA,HIGH,overproduction
2024-05-21,U1,overprod_pct,17.774880625137435,3.1434347161749607,7.09019896771837,EWMA,HIGH,overproduction
2024-05-22,U1,overprod_pct,19.281773513909947,3.1434347161749607,7.820418692475199,EWMA,HIGH,overproduction
2024-10-02,U1,overprod_pct,15.821600144611413,3.135278786236274,12.746302085458858,EWMA,HIGH,overproduction
2024-10-03,U1,overprod_pct,17.494518842737964,3.135278786236274,14.427130316777184,EWMA,HIGH,overproduction
2024-10-14,U1,overprod_pct,6.005936668543453,2.442904792232242,6.3360727260569645,EWMA,HIGH,overproduction
2024-10-15,U1,overprod_pct,4.993591110971778,2.442904792232242,4.53583761749108,EWMA,MEDIUM,overproduction
2024-10-18,U1,overprod_pct,6.286146244198815,2.8446299463966067,4.9822397605896755,EWMA,MEDIUM,overproduction
2024-10-23,U1,overprod_pct,5.115476559725591,3.2265532485890867,3.856868470772527,EWMA,MEDIUM,overproduction
2024-10-25,U1,overprod_pct,6.148987236085886,3.1500531623945944,6.9274044522076945,EWMA,HIGH,overproduction
2025-01-04,U1,overprod_pct,7.055224293928552,3.0284266205489656,3.056739120630067,EWMA,MEDIUM,overproduction
2025-01-07,U1,overprod_pct,16.92050957790301,2.144665201895022,7.713613120127729,EWMA,HIGH,overproduction
2025-01-08,U1,overprod_pct,18.09716312524745,2.144665201895022,8.32787583227285,EWMA,HIGH,overproduction
2025-03-01,U1,overprod_pct,5.503417291261181,2.4886635283727503,3.076230247452578,EWMA,MEDIUM,overproduction
2025-03-27,U1,overprod_pct,5.806992616466607,1.7335072424555171,3.8044671930742595,EWMA,MEDIUM,overproduction
2025-03-29,U1,overprod_pct,5.336553539325179,1.5095676408338923,3.8863990818074243,EWMA,MEDIUM,overproduction
2024-02-15,U1,overprod_pct,15.863423854941287,3.1626377386416107,11.39616443491154,CUSUM,HIGH,overproduction
2024-02-16,U1,overprod_pct,15.080067424597651,3.1626377386416107,10.693274187835847,CUSUM,HIGH,overproduction
2024-05-21,U1,overprod_pct,17.774880625137435,3.1626377386416107,13.111276827476315,CUSUM,HIGH,overproduction
2024-05-22,U1,overprod_pct,19.281773513909947,3.1626377386416107,14.463382042775669,CUSUM,HIGH,overproduction
2024-10-02,U1,overprod_pct,15.821600144611413,3.1626377386416107,11.358636846002247,CUSUM,HIGH,overproduction
2024-10-03,U1,overprod_pct,17.494518842737964,3.1626377386416107,12.859713739630212,CUSUM,HIGH,overproduction
2024-10-25,U1,overprod_pct,6.148987236085886,3.1626377386416107,2.67959239856137,CUSUM,MEDIUM,overproduction
2025-01-07,U1,overprod_pct,16.92050957790301,3.1626377386416107,12.344666567799903,CUSUM,HIGH,overproduction
2025-01-08,U1,overprod_pct,18.09716312524745,3.1626377386416107,13.400454547037677,CUSUM,HIGH,overproduction
2025-03-08,U1,overprod_pct,5.783271187349672,3.1626377386416107,2.3514426139952573,CUSUM,MEDIUM,overproduction
2024-02-06,U2,loss_pct,3.965408373267553,3.191916360661244,3.8901673903653133,EWMA,MEDIUM,raw-material loss
2024-03-30,U2,loss_pct,4.294786325046787,3.152768771136804,5.977938208405866,EWMA,HIGH,raw-material loss
2024-04-04,U2,loss_pct,7.864621502660707,3.135630325846253,21.91456047417288,EWMA,HIGH,raw-material loss
2024-04-07,U2,loss_pct,3.588592465518685,3.0930818059493834,3.115046455246577,EWMA,MEDIUM,raw-material loss
2024-04-14,U2,loss_pct,3.6795580452593066,3.115974039114477,3.1881540751930326,EWMA,MEDIUM,raw-material loss
2024-04-16,U2,loss_pct,3.6520399959186154,3.1065918429689896,3.6634620381931877,EWMA,MEDIUM,raw-material loss
2024-08-17,U2,loss_pct,4.029659392470039,3.2467403935086616,3.205775925728905,EWMA,MEDIUM,raw-material loss
2024-09-03,U2,loss_pct,11.139561408074965,3.234948891410498,16.765799255391656,EWMA,HIGH,raw-material loss
2024-09-04,U2,loss_pct,10.375811733990348,3.234948891410498,15.145874978258743,EWMA,HIGH,raw-material loss
2024-09-05,U2,loss_pct,8.94726829465852,3.234948891410498,12.11591336015899,EWMA,HIGH,raw-material loss
2024-09-22,U2,loss_pct,4.018669087270711,3.0749697073635307,4.800304379482555,EWMA,MEDIUM,raw-material loss
2024-10-18,U2,loss_pct,3.775867434663138,3.157919411386863,3.0347784020372814,EWMA,MEDIUM,raw-material loss
2024-11-08,U2,loss_pct,3.843461234375545,3.1280867171047864,3.529449716549161,EWMA,MEDIUM,raw-material loss
2024-11-19,U2,loss_pct,4.025610962092143,3.2644143593674464,4.546455862807056,EWMA,MEDIUM,raw-material loss
2024-11-25,U2,loss_pct,4.076582753449937,3.0627018174019467,3.351029019189349,EWMA,MEDIUM,raw-material loss
2024-11-27,U2,loss_pct,4.044132244220266,3.093452096049801,3.6664851458589682,EWMA,MEDIUM,raw-material loss
2025-01-23,U2,loss_pct,4.078785086076514,3.2022723322684388,4.478491225144382,EWMA,MEDIUM,raw-material loss
2025-04-07,U2,loss_pct,4.2694124068233,3.3927927028647735,3.636551373709801,EWMA,MEDIUM,raw-material loss
2025-06-18,U2,loss_pct,3.7929950349854247,3.20314213227046,3.0225282875945867,EWMA,MEDIUM,raw-material loss
2025-06-21,U2,loss_pct,3.7209489025096487,3.147504113695275,3.6683613509900113,EWMA,MEDIUM,raw-material loss
2025-06-22,U2,loss_pct,3.7867035409353305,3.147504113695275,4.088997790546488,EWMA,MEDIUM,raw-material loss
2024-02-12,U2,loss_pct,4.018484650444661,3.2039596295715116,2.5675054872887912,CUSUM,MEDIUM,raw-material loss
2024-04-04,U2,loss_pct,7.864621502660707,3.2039596295715116,14.691107856609042,CUSUM,HIGH,raw-material loss
2024-07-23,U2,loss_pct,3.802714431254847,3.2039596295715116,1.8873652735854864,CUSUM,MEDIUM,raw-material loss
2024-09-03,U2,loss_pct,11.139561408074965,3.2039596295715116,25.014211459588026,CUSUM,HIGH,raw-material loss
2024-09-04,U2,loss_pct,10.375811733990348,3.2039596295715116,22.606757509278175,CUSUM,HIGH,raw-material loss
2024-09-05,U2,loss_pct,8.94726829465852,3.2039596295715116,18.103773530488798,CUSUM,HIGH,raw-material loss
2024-10-25,U2,loss_pct,3.9442267988260715,3.2039596295715116,2.3334335599456324,CUSUM,MEDIUM,raw-material loss
2024-12-02,U2,loss_pct,3.6963025461036603,3.2039596295715116,1.5519389919648936,CUSUM,MEDIUM,raw-material loss
2024-12-20,U2,loss_pct,4.520894178751328,3.2039596295715116,4.151175955030543,CUSUM,MEDIUM,raw-material loss
2025-04-04,U2,loss_pct,3.602522762840798,3.2039596295715116,1.256330997177892,CUSUM,MEDIUM,raw-material loss
2025-04-16,U2,loss_pct,4.221904840270881,3.2039596295715116,3.2087165492206573,CUSUM,MEDIUM,raw-material loss
2025-04-27,U2,loss_pct,3.594034504620459,3.2039596295715116,1.2295747294147694,CUSUM,MEDIUM,raw-material loss
2024-02-03,U2,downtime_pct,4.685428657732958,3.1281094582452544,3.5353827264257403,EWMA,MEDIUM,machine downtime
2024-02-10,U2,downtime_pct,4.851012082237142,3.2551224889776,3.4824410944055746,EWMA,MEDIUM,machine downtime
2024-02-15,U2,downtime_pct,15.786708884804398,3.2320882624620957,29.318538626348122,EWMA,HIGH,machine downtime
2024-03-20,U2,downtime_pct,5.584784593630658,3.4547204425969884,3.1836939016716155,EWMA,MEDIUM,machine downtime
2024-04-08,U2,downtime_pct,4.654000033442656,3.216389121687424,3.4231442610331904,EWMA,MEDIUM,machine downtime
2024-04-09,U2,downtime_pct,5.298463036442984,3.216389121687424,4.957697047277205,EWMA,MEDIUM,machine downtime
2024-04-13,U2,downtime_pct,4.397242286607917,3.3006133804479094,3.228687853824786,EWMA,MEDIUM,machine downtime
2024-05-22,U2,downtime_pct,5.0237200804535735,3.410727693250816,3.790018044720865,EWMA,MEDIUM,machine downtime
2024-05-27,U2,downtime_pct,4.586083918667353,3.2053287494192135,3.4044260529687427,EWMA,MEDIUM,machine downtime
2024-06-01,U2,downtime_pct,5.084542870686662,3.083738570207566,6.321547104379685,EWMA,HIGH,machine downtime
2024-07-08,U2,downtime_pct,4.436795413296441,3.2095459551931107,4.069945755999551,EWMA,MEDIUM,machine downtime
2024-09-04,U2,downtime_pct,5.079077978621419,3.0987044581535814,3.2567257090884403,EWMA,MEDIUM,machine downtime
2024-10-15,U2,downtime_pct,4.340800350430132,3.0118453168824697,3.4020627828966012,EWMA,MEDIUM,machine downtime
2024-10-17,U2,downtime_pct,4.581798221907095,3.163959799105594,3.3058487024891337,EWMA,MEDIUM,machine downtime
2024-10-22,U2,downtime_pct,4.558461725609509,2.9991027334834266,4.231976301500734,EWMA,MEDIUM,machine downtime
2024-11-08,U2,downtime_pct,5.56778721997669,3.1311202840899632,3.256072094691544,EWMA,MEDIUM,machine downtime
2024-11-17,U2,downtime_pct,6.545876789657692,3.4073813388962493,6.289281939578721,EWMA,HIGH,machine downtime
2024-12-09,U2,downtime_pct,4.08334706734939,2.964972273883447,3.236803716200168,EWMA,MEDIUM,machine downtime
2024-12-18,U2,downtime_pct,5.066722948729157,3.110912825563669,3.6427124437831675,EWMA,MEDIUM,machine downtime
2025-02-14,U2,downtime_pct,5.782047265760132,3.164963854502313,3.7750352595105543,EWMA,MEDIUM,machine downtime
2025-04-17,U2,downtime_pct,5.457534881363596,3.090627482954044,5.283197294144461,EWMA,HIGH,machine downtime
2024-02-15,U2,downtime_pct,15.786708884804398,3.3453144810474034,17.173868308996706,CUSUM,HIGH,machine downtime
2025-03-19,U2,downtime_pct,5.485502691522684,3.3453144810474034,2.95427580626096,CUSUM,MEDIUM,machine downtime
2024-01-21,U2,energy_per_kg,0.26872364974533963,0.24095083240752718,3.6601573032464216,EWMA,MEDIUM,energy per kg
2024-03-13,U2,energy_per_kg,0.4070350904286453,0.24927637245606893,10.125367149397176,EWMA,HIGH,energy per kg
2024-05-06,U2,energy_per_kg,0.4290688604084341,0.24033266141987575,12.863265505013633,EWMA,HIGH,energy per kg
2024-05-07,U2,energy_per_kg,0.3661745927063708,0.24033266141987575,8.576723397401892,EWMA,HIGH,energy per kg
2024-06-02,U2,energy_per_kg,0.35836128557937774,0.23571085516040047,9.78769526665425,EWMA,HIGH,energy per kg
2024-06-03,U2,energy_per_kg,0.37680972478263974,0.23571085516040047,11.259909432149648,EWMA,HIGH,energy per kg
2024-06-04,U2,energy_per_kg,0.35411229939535527,0.23571085516040047,9.448619555143322,EWMA,HIGH,energy per kg
2024-06-21,U2,energy_per_kg,0.27164091058387696,0.24067765923953072,3.5951559359150598,EWMA,MEDIUM,energy per kg
2024-07-09,U2,energy_per_kg,0.39370141503490624,0.24744000670262112,14.78933621174212,EWMA,HIGH,energy per kg
2024-07-10,U2,energy_per_kg,0.4407432308389103,0.24744000670262112,19.54600605287813,EWMA,HIGH,energy per kg
2024-07-11,U2,energy_per_kg,0.4039813814026264,0.24744000670262112,15.828803017040585,EWMA,HIGH,energy per kg
2024-08-22,U2,energy_per_kg,0.27080835960708616,0.24010234649044976,4.764281310810827,EWMA,MEDIUM,energy per kg
2024-08-28,U2,energy_per_kg,0.2643774096122866,0.23852765558645017,3.3065518124477795,EWMA,MEDIUM,energy per kg
2024-10-08,U2,energy_per_kg,0.2773135680704058,0.2461041525888088,3.2231031470274285,EWMA,MEDIUM,energy per kg
2024-12-21,U2,energy_per_kg,0.31256362438113383,0.2647896881607582,4.602234074463061,EWMA,MEDIUM,energy per kg
2025-03-01,U2,energy_per_kg,0.31158088993024985,0.27064936361999437,3.1182474161823586,EWMA,MEDIUM,energy per kg
2025-03-02,U2,energy_per_kg,0.31295754353766037,0.27064936361999437,3.223123704492438,EWMA,MEDIUM,energy per kg
2025-03-25,U2,energy_per_kg,0.2645572457752177,0.23818593876256433,3.047260579043371,EWMA,MEDIUM,energy per kg
2025-04-22,U2,energy_per_kg,0.29508003166276714,0.26783178354441606,3.6374216742550356,EWMA,MEDIUM,energy per kg
2025-06-05,U2,energy_per_kg,0.2588856459949099,0.24172490162635188,3.103269643919043,EWMA,MEDIUM,energy per kg
2025-06-19,U2,energy_per_kg,0.2587781170268921,0.23090910161044287,3.434829435012646,EWMA,MEDIUM,energy per kg
2025-06-21,U2,energy_per_kg,0.256495058983123,0.22927648976596804,3.6712627573675185,EWMA,MEDIUM,energy per kg
2025-06-22,U2,energy_per_kg,0.2575766844841667,0.22927648976596804,3.8171532848129472,EWMA,MEDIUM,energy per kg
2024-03-13,U2,energy_per_kg,0.4070350904286453,0.24004075684394913,14.773409106024866,CUSUM,HIGH,energy per kg
2024-05-06,U2,energy_per_kg,0.4290688604084341,0.24004075684394913,16.722660263665947,CUSUM,HIGH,energy per kg
2024-05-07,U2,energy_per_kg,0.3661745927063708,0.24004075684394913,11.158622686815024,CUSUM,HIGH,energy per kg
2024-06-02,U2,energy_per_kg,0.35836128557937774,0.24004075684394913,10.467406522887252,CUSUM,HIGH,energy per kg
2024-06-03,U2,energy_per_kg,0.37680972478263974,0.24004075684394913,12.099475910314622,CUSUM,HIGH,energy per kg
2024-06-04,U2,energy_per_kg,0.35411229939535527,0.24004075684394913,10.09151346211717,CUSUM,HIGH,energy per kg
2024-07-09,U2,energy_per_kg,0.39370141503490624,0.24004075684394913,13.593825121046493,CUSUM,HIGH,energy per kg
2024-07-10,U2,energy_per_kg,0.4407432308389103,0.24004075684394913,17.755451297484058,CUSUM,HIGH,energy per kg
2024-07-11,U2,energy_per_kg,0.4039813814026264,0.24004075684394913,14.503258066982236,CUSUM,HIGH,energy per kg
2024-10-09,U2,energy_per_kg,0.2552461551251186,0.24004075684394913,1.3451688126521582,CUSUM,MEDIUM,energy per kg
2024-10-16,U2,energy_per_kg,0.27103001842276325,0.24004075684394913,2.741512417636875,CUSUM,MEDIUM,energy per kg
2024-10-18,U2,energy_per_kg,0.2904638610948045,0.24004075684394913,4.4607570299133465,CUSUM,MEDIUM,energy per kg
2024-10-20,U2,energy_per_kg,0.2813650900576513,0.24004075684394913,3.655820335305448,CUSUM,MEDIUM,energy per kg
2024-10-22,U2,energy_per_kg,0.2838343701625339,0.24004075684394913,3.8742689760690365,CUSUM,MEDIUM,energy per kg
2024-10-24,U2,energy_per_kg,0.2651628421643528,0.24004075684394913,2.2224636972280942,CUSUM,MEDIUM,energy per kg
2024-10-26,U2,energy_per_kg,0.2943742028213805,0.24004075684394913,4.806691390864388,CUSUM,MEDIUM,energy per kg
2024-10-28,U2,energy_per_kg,0.3122258774158948,0.24004075684394913,6.3859670845431316,CUSUM,HIGH,energy per kg
2024-10-29,U2,energy_per_kg,0.3090804445844634,0.24004075684394913,6.107701558780902,CUSUM,HIGH,energy per kg
2024-10-31,U2,energy_per_kg,0.29719396917350727,0.24004075684394913,5.056146333491195,CUSUM,HIGH,energy per kg
2024-11-02,U2,energy_per_kg,0.3086403176295811,0.24004075684394913,6.0687650546284,CUSUM,HIGH,energy per kg
2024-11-06,U2,energy_per_kg,0.25366942357896083,0.24004075684394913,1.205680845116122,CUSUM,MEDIUM,energy per kg
2024-11-16,U2,energy_per_kg,0.2591745501367452,0.24004075684394913,1.6927002850741966,CUSUM,MEDIUM,energy per kg
2024-12-14,U2,energy_per_kg,0.26689657085579627,0.24004075684394913,2.3758406573185202,CUSUM,MEDIUM,energy per kg
2024-12-17,U2,energy_per_kg,0.28295168006296695,0.24004075684394913,3.7961804465074853,CUSUM,MEDIUM,energy per kg
2024-12-21,U2,energy_per_kg,0.31256362438113383,0.24004075684394913,6.415846386341499,CUSUM,HIGH,energy per kg
2024-12-24,U2,energy_per_kg,0.30921877885515126,0.24004075684394913,6.119939511592751,CUSUM,HIGH,energy per kg
2024-12-26,U2,energy_per_kg,0.2797970808849518,0.24004075684394913,3.517104005876578,CUSUM,MEDIUM,energy per kg
2024-12-28,U2,energy_per_kg,0.30887078388637396,0.24004075684394913,6.089153604489034,CUSUM,HIGH,energy per kg
2024-12-29,U2,energy_per_kg,0.31644583402906024,0.24004075684394913,6.759291999932245,CUSUM,HIGH,energy per kg
2024-12-31,U2,energy_per_kg,0.3137688812460897,0.24004075684394913,6.522471278106509,CUSUM,HIGH,energy per kg
2025-02-13,U2,energy_per_kg,0.2625581436767699,0.24004075684394913,1.9920350621427578,CUSUM,MEDIUM,energy per kg
2025-02-17,U2,energy_per_kg,0.2867504308438298,0.24004075684394913,4.132242743789297,CUSUM,MEDIUM,energy per kg
2025-02-20,U2,energy_per_kg,0.26755326647644334,0.24004075684394913,2.433936239687689,CUSUM,MEDIUM,energy per kg
2025-02-22,U2,energy_per_kg,0.2972968322814729,0.24004075684394913,5.0652462756465555,CUSUM,HIGH,energy per kg
2025-02-24,U2,energy_per_kg,0.2720408010884247,0.24004075684394913,2.8309328519507226,CUSUM,MEDIUM,energy per kg
2025-02-27,U2,energy_per_kg,0.2666293953914142,0.24004075684394913,2.352204571268893,CUSUM,MEDIUM,energy per kg
2025-03-01,U2,energy_per_kg,0.31158088993024985,0.24004075684394913,6.328907280242248,CUSUM,HIGH,energy per kg
2025-03-02,U2,energy_per_kg,0.31295754353766037,0.24004075684394913,6.450695046946593,CUSUM,HIGH,energy per kg
2025-04-09,U2,energy_per_kg,0.2594048810386493,0.24004075684394913,1.7130768605575992,CUSUM,MEDIUM,energy per kg
2025-04-13,U2,energy_per_kg,0.2602855569227309,0.24004075684394913,1.790987199465892,CUSUM,MEDIUM,energy per kg
2025-04-17,U2,energy_per_kg,0.28107418361357206,0.24004075684394913,3.6300848518449746,CUSUM,MEDIUM,energy per kg
2025-04-20,U2,energy_per_kg,0.26739122276545013,0.24004075684394913,2.419600794980237,CUSUM,MEDIUM,energy per kg
2025-04-22,U2,energy_per_kg,0.29508003166276714,0.24004075684394913,4.869133618746018,CUSUM,MEDIUM,energy per kg
2025-04-24,U2,energy_per_kg,0.295562910624291,0.24004075684394913,4.911852244546974,CUSUM,MEDIUM,energy per kg
2025-04-26,U2,energy_per_kg,0.29463447756031813,0.24004075684394913,4.829716993684255,CUSUM,MEDIUM,energy per kg
2025-04-28,U2,energy_per_kg,0.29031827714973224,0.24004075684394913,4.447877723570113,CUSUM,MEDIUM,energy per kg
2025-04-30,U2,energy_per_kg,0.3103904834838355,0.24004075684394913,6.223596153464352,CUSUM,HIGH,energy per kg
2024-01-16,U2,overprod_pct,6.143970586706912,2.7324682618431,3.0534738402363146,EWMA,MEDIUM,overproduction
2024-04-22,U2,overprod_pct,6.508237450471242,2.2145386328656365,3.6718129368303614,EWMA,MEDIUM,overproduction
2024-08-05,U2,overprod_pct,16.14328938698657,4.339718269319942,6.009678766308917,EWMA,HIGH,overproduction
2024-08-06,U2,overprod_pct,16.801590557838832,4.339718269319942,6.344846702255509,EWMA,HIGH,overproduction
2024-11-01,U2,overprod_pct,9.092409465977855,3.270910771914177,4.2208927560019465,EWMA,MEDIUM,overproduction
2025-02-21,U2,overprod_pct,6.389740379812032,2.902238970827067,3.253332008851131,EWMA,MEDIUM,overproduction
2025-05-09,U2,overprod_pct,5.678168434841726,2.171324935544896,4.079396068781206,EWMA,MEDIUM,overproduction
2025-06-14,U2,overprod_pct,7.3799594710398475,3.164862215206418,3.53253839829451,EWMA,MEDIUM,overproduction
2024-03-28,U2,overprod_pct,5.77534027268778,3.2041449772113078,3.022225369881128,CUSUM,MEDIUM,overproduction
2024-05-27,U2,overprod_pct,5.081084492235077,3.2041449772113078,2.206185671705669,CUSUM,MEDIUM,overproduction
2024-06-08,U2,overprod_pct,6.190046766382291,3.2041449772113078,3.5096782243970823,CUSUM,MEDIUM,overproduction
2024-08-05,U2,overprod_pct,16.14328938698657,3.2041449772113078,15.208883809244744,CUSUM,HIGH,overproduction
2024-08-06,U2,overprod_pct,16.801590557838832,3.2041449772113078,15.982661866116723,CUSUM,HIGH,overproduction
2024-11-01,U2,overprod_pct,9.092409465977855,3.2041449772113078,6.92116322467938,CUSUM,HIGH,overproduction
2025-03-14,U2,overprod_pct,6.103173959105291,3.2041449772113078,3.4075664934961867,CUSUM,MEDIUM,overproduction
2025-03-24,U2,overprod_pct,4.730628958663271,3.2041449772113078,1.7942544557302342,CUSUM,MEDIUM,overproduction
2025-05-14,U2,overprod_pct,4.150440473800483,3.2041449772113078,1.1122913386733193,CUSUM,MEDIUM,overproduction
2025-05-29,U2,overprod_pct,5.618967449439991,3.2041449772113078,2.838422173596954,CUSUM,MEDIUM,overproduction
2024-01-17,U3,loss_pct,7.5989263387139205,5.968771192508914,3.957550232865316,EWMA,MEDIUM,raw-material loss
2024-02-19,U3,loss_pct,8.339787410578896,6.075152084964999,3.79787531139133,EWMA,MEDIUM,raw-material loss
2024-04-28,U3,loss_pct,7.170450596226656,5.697581820403995,3.3469248097047353,EWMA,MEDIUM,raw-material loss
2024-06-22,U3,loss_pct,7.792647175342477,6.357402522166382,5.299682972997749,EWMA,HIGH,raw-material loss
2024-08-25,U3,loss_pct,7.599879489807491,5.797596364414796,3.6916821782804514,EWMA,MEDIUM,raw-material loss
2024-08-28,U3,loss_pct,7.246620390497329,5.793156303385038,3.8012709414946846,EWMA,MEDIUM,raw-material loss
2024-11-22,U3,loss_pct,15.089326237951834,6.406794394722311,7.180325466424987,EWMA,HIGH,raw-material loss
2024-11-23,U3,loss_pct,15.891262258544195,6.406794394722311,7.84351469913629,EWMA,HIGH,raw-material loss
2024-12-02,U3,loss_pct,7.550157258837959,5.888830670739811,3.031784042691267,EWMA,MEDIUM,raw-material loss
2025-01-07,U3,loss_pct,7.306845116532184,5.582405397396012,3.686781560912022,EWMA,MEDIUM,raw-material loss
2025-02-06,U3,loss_pct,7.612283240504744,5.969751603478263,4.641621187307751,EWMA,MEDIUM,raw-material loss
2025-02-14,U3,loss_pct,7.24944006416427,5.797448208791823,5.680318602710615,EWMA,HIGH,raw-material loss
2025-02-19,U3,loss_pct,7.066183686527753,5.964476449016295,6.045186765834097,EWMA,HIGH,raw-material loss
2025-03-21,U3,loss_pct,20.154395626940456,6.352423433500284,18.973969418495187,EWMA,HIGH,raw-material loss
2025-03-22,U3,loss_pct,20.93543578223161,6.352423433500284,20.047687856223565,EWMA,HIGH,raw-material loss
2025-06-14,U3,loss_pct,6.992862611469623,5.794787429891662,3.0653062519169203,EWMA,MEDIUM,raw-material loss
2025-06-16,U3,loss_pct,7.348846362721233,5.714803424953392,4.562667028700327,EWMA,MEDIUM,raw-material loss
2024-01-23,U3,loss_pct,7.325937939420848,5.971852365288207,2.334677852620555,CUSUM,MEDIUM,raw-material loss
2024-06-19,U3,loss_pct,6.3793827604234945,5.971852365288207,0.7026529238386662,CUSUM,MEDIUM,raw-material loss
2024-09-21,U3,loss_pct,7.182339896892982,5.971852365288207,2.0870899778407637,CUSUM,MEDIUM,raw-material loss
2024-09-26,U3,loss_pct,7.364448154887198,5.971852365288207,2.4010761282291866,CUSUM,MEDIUM,raw-material loss
2024-10-16,U3,loss_pct,6.786286505805925,5.971852365288207,1.4042253950624501,CUSUM,MEDIUM,raw-material loss
2024-11-13,U3,loss_pct,6.734403271240708,5.971852365288207,1.3147697203431326,CUSUM,MEDIUM,raw-material loss
2024-11-22,U3,loss_pct,15.089326237951834,5.971852365288207,15.72010272392814,CUSUM,HIGH,raw-material loss
2024-11-23,U3,loss_pct,15.891262258544195,5.971852365288207,17.102779197455245,CUSUM,HIGH,raw-material loss
2024-12-04,U3,loss_pct,7.362275286159085,5.971852365288207,2.397329726529704,CUSUM,MEDIUM,raw-material loss
2025-01-14,U3,loss_pct,6.920204015928414,5.971852365288207,1.6351223567713402,CUSUM,MEDIUM,raw-material loss
2025-03-21,U3,loss_pct,20.154395626940456,5.971852365288207,24.45315885447052,CUSUM,HIGH,raw-material loss
2025-03-22,U3,loss_pct,20.93543578223161,5.971852365288207,25.799807240214978,CUSUM,HIGH,raw-material loss
2024-01-21,U3,downtime_pct,7.806998024786125,5.545354695249678,3.338291629401701,EWMA,MEDIUM,machine downtime
2024-03-09,U3,downtime_pct,6.869429955830705,5.162789844982958,3.923862206038137,EWMA,MEDIUM,machine downtime
2024-05-02,U3,downtime_pct,7.456931246029,4.7547606960957385,3.3790712030535817,EWMA,MEDIUM,machine downtime
2024-05-26,U3,downtime_pct,7.1587966069933895,4.356973503037803,3.334332439951284,EWMA,MEDIUM,machine downtime
2024-07-23,U3,downtime_pct,7.46844839600152,4.70507053149646,3.4072206836578447,EWMA,MEDIUM,machine downtime
2024-08-28,U3,downtime_pct,7.9518961356734605,3.9850929907106694,4.480361488068952,EWMA,MEDIUM,machine downtime
2024-09-27,U3,downtime_pct,7.477291062107827,4.155962298590979,3.6707260239162895,EWMA,MEDIUM,machine downtime
2024-09-28,U3,downtime_pct,6.915529636522945,4.155962298590979,3.0498684000708027,EWMA,MEDIUM,machine downtime
2024-10-14,U3,downtime_pct,20.690273449666055,4.526909920480958,23.56014403220176,EWMA,HIGH,machine downtime
2025-01-23,U3,downtime_pct,9.215762798220645,4.557593281882269,4.1595645847933955,EWMA,MEDIUM,machine downtime
2025-02-18,U3,downtime_pct,15.896301360926218,4.850049126850096,13.623523850653013,EWMA,HIGH,machine downtime
2025-02-23,U3,downtime_pct,6.0871700586419974,4.35414686534442,3.1224763899966996,EWMA,MEDIUM,machine downtime
2025-02-27,U3,downtime_pct,6.5895041518789945,4.323736233393128,4.622731671656934,EWMA,MEDIUM,machine downtime
2025-03-05,U3,downtime_pct,6.657898507640904,4.729336990793659,3.1579547495811724,EWMA,MEDIUM,machine downtime
2025-05-10,U3,downtime_pct,7.070380933381896,4.9933675325021305,3.1692361020526394,EWMA,MEDIUM,machine downtime
2025-05-13,U3,downtime_pct,6.969466455391476,4.818996481464165,4.078761323052532,EWMA,MEDIUM,machine downtime
2025-05-26,U3,downtime_pct,6.813186633077048,4.816730717244854,3.3978007633548084,EWMA,MEDIUM,machine downtime
2025-05-30,U3,downtime_pct,6.459151470047411,4.356390474946945,3.757103587208035,EWMA,MEDIUM,machine downtime
2025-06-17,U3,downtime_pct,7.557541747760554,4.434221673499733,4.256604492197165,EWMA,MEDIUM,machine downtime
2024-10-14,U3,downtime_pct,20.690273449666055,5.204736268542442,14.22736653552471,CUSUM,HIGH,machine downtime
2025-02-18,U3,downtime_pct,15.896301360926218,5.204736268542442,9.82289562374277,CUSUM,HIGH,machine downtime
2024-04-08,U3,energy_per_kg,0.6182275471925529,0.3903704493910791,9.988024589865548,EWMA,HIGH,energy per kg
2024-05-09,U3,energy_per_kg,0.4613216580833337,0.41209310402855925,4.122625139065627,EWMA,MEDIUM,energy per kg
2024-05-11,U3,energy_per_kg,0.49006467405772086,0.41584634668791987,6.126250206041259,EWMA,HIGH,energy per kg
2024-05-13,U3,energy_per_kg,0.46627467750660556,0.4175455439239867,4.597043280348156,EWMA,MEDIUM,energy per kg
2024-05-15,U3,energy_per_kg,0.4685605428422008,0.42264285257306916,3.571852078618918,EWMA,MEDIUM,energy per kg
2024-07-04,U3,energy_per_kg,0.4627995587524689,0.39663922245506855,5.456475268911826,EWMA,HIGH,energy per kg
2024-07-30,U3,energy_per_kg,0.4444632663468426,0.39958449765892806,3.9400796690233983,EWMA,MEDIUM,energy per kg
2024-08-01,U3,energy_per_kg,0.4327719897015926,0.4006314600090578,3.306762379630417,EWMA,MEDIUM,energy per kg
2024-12-26,U3,energy_per_kg,0.44975373906692057,0.4093448690871991,3.0200972237884103,EWMA,MEDIUM,energy per kg
2024-12-31,U3,energy_per_kg,0.48880405074998834,0.42999211015580374,3.6075554614733236,EWMA,MEDIUM,energy per kg
2025-01-13,U3,energy_per_kg,0.5712949031921419,0.4902292756033392,3.7963024880909555,EWMA,MEDIUM,energy per kg
2025-02-04,U3,energy_per_kg,0.45328716628086385,0.3932578126553169,3.3128270898625694,EWMA,MEDIUM,energy per kg
2025-05-13,U3,energy_per_kg,0.4516155023591397,0.40890960816201727,3.624996351277622,EWMA,MEDIUM,energy per kg
2025-05-14,U3,energy_per_kg,0.44860437364286937,0.40890960816201727,3.369403281165938,EWMA,MEDIUM,energy per kg
2025-05-17,U3,energy_per_kg,0.6387296643327451,0.39822815925453525,15.333884105659589,EWMA,HIGH,energy per kg
2025-05-18,U3,energy_per_kg,0.6432730107329668,0.39822815925453525,15.623558580379445,EWMA,HIGH,energy per kg
2024-02-12,U3,energy_per_kg,0.43873229329870916,0.3994343724874295,2.424569197725625,CUSUM,MEDIUM,energy per kg
2024-02-21,U3,energy_per_kg,0.47042881992541724,0.3994343724874295,4.380154138289408,CUSUM,MEDIUM,energy per kg
2024-02-23,U3,energy_per_kg,0.49044364823615233,0.3994343724874295,5.615011739357359,CUSUM,HIGH,energy per kg
2024-02-24,U3,energy_per_kg,0.5072203828588273,0.3994343724874295,6.650088231060185,CUSUM,HIGH,energy per kg
2024-02-28,U3,energy_per_kg,0.45503720121211605,0.3994343724874295,3.4305353323831156,CUSUM,MEDIUM,energy per kg
2024-03-01,U3,energy_per_kg,0.46440828041062776,0.3994343724874295,4.008704088009426,CUSUM,MEDIUM,energy per kg
2024-03-02,U3,energy_per_kg,0.4927789914654052,0.3994343724874295,5.759095730135274,CUSUM,HIGH,energy per kg
2024-03-03,U3,energy_per_kg,0.4962296624839834,0.3994343724874295,5.971992252149941,CUSUM,HIGH,energy per kg
2024-03-05,U3,energy_per_kg,0.48156382703111245,0.3994343724874295,5.067152195376831,CUSUM,HIGH,energy per kg
2024-03-07,U3,energy_per_kg,0.49235165939660047,0.3994343724874295,5.732730565011145,CUSUM,HIGH,energy per kg
2024-03-08,U3,energy_per_kg,0.5073450683297623,0.3994343724874295,6.657780967622121,CUSUM,HIGH,energy per kg
2024-03-09,U3,energy_per_kg,0.49717375368451605,0.3994343724874295,6.030239976136351,CUSUM,HIGH,energy per kg
2024-03-10,U3,energy_per_kg,0.5135377166316026,0.3994343724874295,7.039849637287725,CUSUM,HIGH,energy per kg
2024-03-13,U3,energy_per_kg,0.44029477853745475,0.3994343724874295,2.520970063307199,CUSUM,MEDIUM,energy per kg
2024-04-08,U3,energy_per_kg,0.6182275471925529,0.3994343724874295,13.498912438908999,CUSUM,HIGH,energy per kg
2024-05-06,U3,energy_per_kg,0.42619002808524376,0.3994343724874295,1.650747344597319,CUSUM,MEDIUM,energy per kg
2024-05-11,U3,energy_per_kg,0.49006467405772086,0.3994343724874295,5.591630117612766,CUSUM,HIGH,energy per kg
2024-05-14,U3,energy_per_kg,0.4345365727542616,0.3994343724874295,2.165705253162628,CUSUM,MEDIUM,energy per kg
2024-05-16,U3,energy_per_kg,0.4450459945539797,0.3994343724874295,2.8141064880236075,CUSUM,MEDIUM,energy per kg
2024-05-18,U3,energy_per_kg,0.47297325781081617,0.3994343724874295,4.53713867067957,CUSUM,MEDIUM,energy per kg
2024-05-20,U3,energy_per_kg,0.4971674944912352,0.3994343724874295,6.02985380183201,CUSUM,HIGH,energy per kg
2024-05-21,U3,energy_per_kg,0.5266844574784457,0.3994343724874295,7.850965906283513,CUSUM,HIGH,energy per kg
2024-05-23,U3,energy_per_kg,0.5190863304625799,0.3994343724874295,7.382183224076379,CUSUM,HIGH,energy per kg
2024-05-24,U3,energy_per_kg,0.5029833613729474,0.3994343724874295,6.3886761366621165,CUSUM,HIGH,energy per kg
2024-05-25,U3,energy_per_kg,0.5041683566076544,0.3994343724874295,6.461786949809703,CUSUM,HIGH,energy per kg
2024-06-02,U3,energy_per_kg,0.41092360597611366,0.3994343724874295,0.7088528107101707,CUSUM,MEDIUM,energy per kg
2024-06-07,U3,energy_per_kg,0.43874491626315604,0.3994343724874295,2.4253479984904,CUSUM,MEDIUM,energy per kg
2024-08-03,U3,energy_per_kg,0.45217896953425124,0.3994343724874295,3.254190621440405,CUSUM,MEDIUM,energy per kg
2024-08-06,U3,energy_per_kg,0.43408287266905293,0.3994343724874295,2.1377132569222903,CUSUM,MEDIUM,energy per kg
2024-08-09,U3,energy_per_kg,0.5054696962636012,0.3994343724874295,6.542075880634813,CUSUM,HIGH,energy per kg
2024-08-11,U3,energy_per_kg,0.4332829336977143,0.3994343724874295,2.088359312745904,CUSUM,MEDIUM,energy per kg
2024-08-13,U3,energy_per_kg,0.5015801702604127,0.3994343724874295,6.302103262582795,CUSUM,HIGH,energy per kg
2024-08-15,U3,energy_per_kg,0.47388554095387636,0.3994343724874295,4.593423928591566,CUSUM,MEDIUM,energy per kg
2024-08-17,U3,energy_per_kg,0.5422634133244492,0.3994343724874295,8.812142876900893,CUSUM,HIGH,energy per kg
2024-08-19,U3,energy_per_kg,0.5291119825886801,0.3994343724874295,8.000737255186287,CUSUM,HIGH,energy per kg
2024-08-21,U3,energy_per_kg,0.4847132935235316,0.3994343724874295,5.261465260524967,CUSUM,HIGH,energy per kg
2024-12-26,U3,energy_per_kg,0.44975373906692057,0.3994343724874295,3.1045608454348534,CUSUM,MEDIUM,energy per kg
2024-12-29,U3,energy_per_kg,0.44269320336315104,0.3994343724874295,2.668946007972816,CUSUM,MEDIUM,energy per kg
2024-12-31,U3,energy_per_kg,0.48880405074998834,0.3994343724874295,5.513853268894959,CUSUM,HIGH,energy per kg
2025-01-02,U3,energy_per_kg,0.46778682601514016,0.3994343724874295,4.217150678483008,CUSUM,MEDIUM,energy per kg
2025-01-04,U3,energy_per_kg,0.45993870466349523,0.3994343724874295,3.7329440615326934,CUSUM,MEDIUM,energy per kg
2025-01-06,U3,energy_per_kg,0.47107534251958766,0.3994343724874295,4.420042731250523,CUSUM,MEDIUM,energy per kg
2025-01-08,U3,energy_per_kg,0.4891377582631105,0.3994343724874295,5.5344420669957834,CUSUM,HIGH,energy per kg
2025-01-09,U3,energy_per_kg,0.5283871000886018,0.3994343724874295,7.956014080387794,CUSUM,HIGH,energy per kg
2025-01-10,U3,energy_per_kg,0.4899799390346084,0.3994343724874295,5.586402209296862,CUSUM,HIGH,energy per kg
2025-01-11,U3,energy_per_kg,0.49353301098356345,0.3994343724874295,5.805616575525283,CUSUM,HIGH,energy per kg
2025-01-12,U3,energy_per_kg,0.49115018085334344,0.3994343724874295,5.658602778920408,CUSUM,HIGH,energy per kg
2025-01-13,U3,energy_per_kg,0.5712949031921419,0.3994343724874295,10.603302679866546,CUSUM,HIGH,energy per kg
2025-02-25,U3,energy_per_kg,0.46097241207214174,0.3994343724874295,3.7967208489739694,CUSUM,MEDIUM,energy per kg
2025-04-25,U3,energy_per_kg,0.43365381256793384,0.3994343724874295,2.1112414771520025,CUSUM,MEDIUM,energy per kg
2025-05-14,U3,energy_per_kg,0.44860437364286937,0.3994343724874295,3.0336482895907917,CUSUM,MEDIUM,energy per kg
2025-05-17,U3,energy_per_kg,0.6387296643327451,0.3994343724874295,14.763834365567389,CUSUM,HIGH,energy per kg
2025-05-18,U3,energy_per_kg,0.6432730107329668,0.3994343724874295,15.04414583012236,CUSUM,HIGH,energy per kg
2024-06-24,U3,overprod_pct,22.228688819360144,2.3834484044404562,22.76680261562801,EWMA,HIGH,overproduction
2024-06-25,U3,overprod_pct,21.98513506698772,2.3834484044404562,22.487393543698104,EWMA,HIGH,overproduction
2024-06-26,U3,overprod_pct,22.23867766698631,2.3834484044404562,22.77826199417459,EWMA,HIGH,overproduction
2024-09-11,U3,overprod_pct,19.19649047224004,2.7366411546245035,13.015072011889593,EWMA,HIGH,overproduction
2024-09-12,U3,overprod_pct,20.249844539712182,2.7366411546245035,13.84797629780518,EWMA,HIGH,overproduction
2024-09-21,U3,overprod_pct,5.563452917513302,2.5617906405979793,4.04160320616169,EWMA,MEDIUM,overproduction
2025-01-04,U3,overprod_pct,7.233264335050775,2.9446562757877084,3.768556786708701,EWMA,MEDIUM,overproduction
2025-03-25,U3,overprod_pct,5.300310308052322,1.9929901852441263,3.4178487398163178,EWMA,MEDIUM,overproduction
2025-04-15,U3,overprod_pct,25.632190349629585,3.1736858349034467,19.322662120907957,EWMA,HIGH,overproduction
2025-04-16,U3,overprod_pct,26.225390211330662,3.1736858349034467,19.833034505244747,EWMA,HIGH,overproduction
2025-04-17,U3,overprod_pct,27.028212872796857,3.1736858349034467,20.5237604180208,EWMA,HIGH,overproduction
2025-04-22,U3,overprod_pct,5.809182506902068,2.334041779916605,3.8546640010202453,EWMA,MEDIUM,overproduction
2024-06-24,U3,overprod_pct,22.228688819360144,3.6151365904322135,14.715633806059243,CUSUM,HIGH,overproduction
2024-06-25,U3,overprod_pct,21.98513506698772,3.6151365904322135,14.523083357443952,CUSUM,HIGH,overproduction
2024-06-26,U3,overprod_pct,22.23867766698631,3.6151365904322135,14.72353085988343,CUSUM,HIGH,overproduction
2024-09-11,U3,overprod_pct,19.19649047224004,3.6151365904322135,12.318416984962031,CUSUM,HIGH,overproduction
2024-09-12,U3,overprod_pct,20.249844539712182,3.6151365904322135,13.151185095766415,CUSUM,HIGH,overproduction
2025-04-15,U3,overprod_pct,25.632190349629585,3.6151365904322135,17.406398124541617,CUSUM,HIGH,overproduction
2025-04-16,U3,overprod_pct,26.225390211330662,3.6151365904322135,17.87537426790406,CUSUM,HIGH,overproduction
2025-04-17,U3,overprod_pct,27.028212872796857,3.6151365904322135,18.510075487318904,CUSUM,HIGH,overproduction
2024-02-15,U4,loss_pct,9.45425255137155,4.066702643326061,14.59858758287008,EWMA,HIGH,raw-material loss
2024-02-16,U4,loss_pct,8.412255418996347,4.066702643326061,11.775098862076511,EWMA,HIGH,raw-material loss
2024-02-17,U4,loss_pct,9.230363774962111,4.066702643326061,13.991918509354146,EWMA,HIGH,raw-material loss
2024-04-18,U4,loss_pct,11.893930979727017,3.7225964008184733,23.259207833502064,EWMA,HIGH,raw-material loss
2024-05-07,U4,loss_pct,4.682406887953009,3.7112135710967964,3.542009492874655,EWMA,MEDIUM,raw-material loss
2024-06-26,U4,loss_pct,4.6369743062640145,3.7768659231377817,3.363949091525971,EWMA,MEDIUM,raw-material loss
2024-10-28,U4,loss_pct,4.44511737415823,3.8316005601745995,5.41351040889746,EWMA,HIGH,raw-material loss
2024-10-29,U4,loss_pct,4.292867826222517,3.8316005601745995,4.070100589126969,EWMA,MEDIUM,raw-material loss
2024-11-28,U4,loss_pct,4.733270005033866,3.6689602827307883,5.0028605208405335,EWMA,HIGH,raw-material loss
2024-11-29,U4,loss_pct,4.564349123513795,3.6689602827307883,4.208836383323828,EWMA,MEDIUM,raw-material loss
2024-12-06,U4,loss_pct,4.604177399630306,3.668199272029237,3.686114900101925,EWMA,MEDIUM,raw-material loss
2025-01-16,U4,loss_pct,5.2089150858101085,3.823058382498257,4.227429672748558,EWMA,MEDIUM,raw-material loss
2025-03-09,U4,loss_pct,4.555239035078339,3.581865500222821,3.4539286385625525,EWMA,MEDIUM,raw-material loss
2025-03-10,U4,loss_pct,4.480304708707518,3.581865500222821,3.188030905990659,EWMA,MEDIUM,raw-material loss
2025-04-02,U4,loss_pct,9.95149163050633,3.5840306128777746,17.309593754456223,EWMA,HIGH,raw-material loss
2025-04-03,U4,loss_pct,8.902838143295092,3.5840306128777746,14.458886729699175,EWMA,HIGH,raw-material loss
2024-02-15,U4,loss_pct,9.45425255137155,3.8989979066898637,18.207690779653046,CUSUM,HIGH,raw-material loss
2024-02-16,U4,loss_pct,8.412255418996347,3.8989979066898637,14.792480714037772,CUSUM,HIGH,raw-material loss
2024-02-17,U4,loss_pct,9.230363774962111,3.8989979066898637,17.473881463854973,CUSUM,HIGH,raw-material loss
2024-03-18,U4,loss_pct,4.7791862577812285,3.8989979066898637,2.8848717744859664,CUSUM,MEDIUM,raw-material loss
2024-04-18,U4,loss_pct,11.893930979727017,3.8989979066898637,26.203887761876455,CUSUM,HIGH,raw-material loss
2025-01-17,U4,loss_pct,4.763071741642007,3.8989979066898637,2.8320554508980713,CUSUM,MEDIUM,raw-material loss
2025-04-02,U4,loss_pct,9.95149163050633,3.8989979066898637,19.837422623739247,CUSUM,HIGH,raw-material loss
2025-04-03,U4,loss_pct,8.902838143295092,3.8989979066898637,16.40039594334643,CUSUM,HIGH,raw-material loss
2024-01-19,U4,downtime_pct,13.150567453477914,6.183821173320013,4.908933671401678,EWMA,MEDIUM,machine downtime
2024-01-29,U4,downtime_pct,10.542564722560334,6.584343387539266,3.5948783871097483,EWMA,MEDIUM,machine downtime
2024-02-14,U4,downtime_pct,10.433763862128922,5.648389242573764,4.765565360045585,EWMA,MEDIUM,machine downtime
2024-02-18,U4,downtime_pct,10.020172607242625,6.469128431689852,3.1443466037163432,EWMA,MEDIUM,machine downtime
2024-03-13,U4,downtime_pct,10.99544334290879,5.2936135629599335,7.918221015651603,EWMA,HIGH,machine downtime
2024-03-21,U4,downtime_pct,7.598433588635134,5.959031154440595,3.3625317516509265,EWMA,MEDIUM,machine downtime
2024-06-17,U4,downtime_pct,11.33464281230498,6.304568459369019,4.515375974242543,EWMA,MEDIUM,machine downtime
2024-07-16,U4,downtime_pct,9.486805739925932,5.940235015067261,5.508226641612686,EWMA,HIGH,machine downtime
2024-09-19,U4,downtime_pct,8.893004611989543,5.912189701956817,7.452161703760675,EWMA,HIGH,machine downtime
2024-09-23,U4,downtime_pct,7.048802866200436,5.784251992935782,3.5039461661663465,EWMA,MEDIUM,machine downtime
2024-11-26,U4,downtime_pct,11.616312924763724,5.601400175263674,5.805124577164394,EWMA,HIGH,machine downtime
2024-12-11,U4,downtime_pct,9.878416314989304,5.3230171933743655,4.860510592758577,EWMA,MEDIUM,machine downtime
2024-12-23,U4,downtime_pct,8.739708949331725,6.138328597640594,4.319548792687358,EWMA,MEDIUM,machine downtime
2025-02-12,U4,downtime_pct,10.387546773617645,6.2826424586935445,3.9285913177679865,EWMA,MEDIUM,machine downtime
2025-03-07,U4,downtime_pct,26.72627384801391,6.145571310288027,13.525566758918513,EWMA,HIGH,machine downtime
2025-03-08,U4,downtime_pct,33.01811725470732,6.145571310288027,17.6605445556141,EWMA,HIGH,machine downtime
2025-03-09,U4,downtime_pct,29.164766735531714,6.145571310288027,15.128135878257938,EWMA,HIGH,machine downtime
2025-03-07,U4,downtime_pct,26.72627384801391,6.318172326563863,9.08648727692522,CUSUM,HIGH,machine downtime
2025-03-08,U4,downtime_pct,33.01811725470732,6.318172326563863,11.887862750446647,CUSUM,HIGH,machine downtime
2025-03-09,U4,downtime_pct,29.164766735531714,6.318172326563863,10.172199956961359,CUSUM,HIGH,machine downtime
2024-02-13,U4,energy_per_kg,0.22623493156278374,0.2023995979215007,3.4087373981166076,EWMA,MEDIUM,energy per kg
2024-07-05,U4,energy_per_kg,0.3591539441039713,0.2034082609868002,19.50670814816218,EWMA,HIGH,energy per kg
2024-07-06,U4,energy_per_kg,0.3578759536413981,0.2034082609868002,19.34664344222234,EWMA,HIGH,energy per kg
2024-10-07,U4,energy_per_kg,0.22807066146472774,0.20017135405063138,3.8555595447892896,EWMA,MEDIUM,energy per kg
2024-10-09,U4,energy_per_kg,0.22437798162830022,0.19726416601418895,3.3675777979500863,EWMA,MEDIUM,energy per kg
2024-10-23,U4,energy_per_kg,0.302188293493485,0.20929426523850667,9.756370326010014,EWMA,HIGH,energy per kg
2024-10-24,U4,energy_per_kg,0.31949911339950465,0.20929426523850667,11.574471799512883,EWMA,HIGH,energy per kg
2024-10-25,U4,energy_per_kg,0.2867746176950211,0.20929426523850667,8.137519986544701,EWMA,HIGH,energy per kg
2024-12-02,U4,energy_per_kg,0.3789857215104726,0.1959015281652963,15.320761475450356,EWMA,HIGH,energy per kg
2025-01-30,U4,energy_per_kg,0.2887245290303833,0.2132289985503818,14.014270435012525,EWMA,HIGH,energy per kg
2025-01-31,U4,energy_per_kg,0.2997609606034026,0.2132289985503818,16.062968360815884,EWMA,HIGH,energy per kg
2025-03-13,U4,energy_per_kg,0.2291197658143734,0.20241322782102417,4.175770578530734,EWMA,MEDIUM,energy per kg
2025-05-12,U4,energy_per_kg,0.24808837059574837,0.22265176627074895,3.0205605570386997,EWMA,MEDIUM,energy per kg
2025-05-14,U4,energy_per_kg,0.25294779173941856,0.22380538750965,3.9629464402003736,EWMA,MEDIUM,energy per kg
2024-05-23,U4,energy_per_kg,0.24014541544869916,0.21321192003210204,2.28141084674839,CUSUM,MEDIUM,energy per kg
2024-05-26,U4,energy_per_kg,0.2423264257893822,0.21321192003210204,2.4661540659682206,CUSUM,MEDIUM,energy per kg
2024-05-29,U4,energy_per_kg,0.23912029046743355,0.21321192003210204,2.194577288186551,CUSUM,MEDIUM,energy per kg
2024-05-31,U4,energy_per_kg,0.24883462585751814,0.21321192003210204,3.017433355885573,CUSUM,MEDIUM,energy per kg
2024-06-02,U4,energy_per_kg,0.24372510268978217,0.21321192003210204,2.5846294662945573,CUSUM,MEDIUM,energy per kg
2024-06-04,U4,energy_per_kg,0.25915100071710334,0.21321192003210204,3.891285380650121,CUSUM,MEDIUM,energy per kg
2024-07-05,U4,energy_per_kg,0.3591539441039713,0.21321192003210204,12.36206855307768,CUSUM,HIGH,energy per kg
2024-07-06,U4,energy_per_kg,0.3578759536413981,0.21321192003210204,12.253815938322052,CUSUM,HIGH,energy per kg
2024-08-15,U4,energy_per_kg,0.24948165557522148,0.21321192003210204,3.0722402271551412,CUSUM,MEDIUM,energy per kg
2024-08-20,U4,energy_per_kg,0.2373135522131073,0.21321192003210204,2.0415369127395846,CUSUM,MEDIUM,energy per kg
2024-08-23,U4,energy_per_kg,0.2555956910313446,0.21321192003210204,3.5901316701799493,CUSUM,MEDIUM,energy per kg
2024-08-25,U4,energy_per_kg,0.25690932070810646,0.21321192003210204,3.701403116637964,CUSUM,MEDIUM,energy per kg
2024-08-27,U4,energy_per_kg,0.2652424193179554,0.21321192003210204,4.407261055292969,CUSUM,MEDIUM,energy per kg
2024-10-23,U4,energy_per_kg,0.302188293493485,0.21321192003210204,7.536773834191829,CUSUM,HIGH,energy per kg
2024-10-24,U4,energy_per_kg,0.31949911339950465,0.21321192003210204,9.003092694363406,CUSUM,HIGH,energy per kg
2024-10-25,U4,energy_per_kg,0.2867746176950211,0.21321192003210204,6.231153207869068,CUSUM,HIGH,energy per kg
2024-12-02,U4,energy_per_kg,0.3789857215104726,0.21321192003210204,14.041925971718225,CUSUM,HIGH,energy per kg
2025-01-30,U4,energy_per_kg,0.2887245290303833,0.21321192003210204,6.396321107611916,CUSUM,HIGH,energy per kg
2025-01-31,U4,energy_per_kg,0.2997609606034026,0.21321192003210204,7.331165780040394,CUSUM,HIGH,energy per kg
2025-05-13,U4,energy_per_kg,0.22649717040041917,0.21321192003210204,1.1253316297508666,CUSUM,MEDIUM,energy per kg
2025-05-16,U4,energy_per_kg,0.24084381966697507,0.21321192003210204,2.340569412480175,CUSUM,MEDIUM,energy per kg
2025-05-18,U4,energy_per_kg,0.2565158181623602,0.21321192003210204,3.6680713502926485,CUSUM,MEDIUM,energy per kg
2025-05-21,U4,energy_per_kg,0.2665706368941265,0.21321192003210204,4.51976817470872,CUSUM,MEDIUM,energy per kg
2024-03-06,U4,overprod_pct,5.920622620836191,1.807259546965063,3.4179347506122797,EWMA,MEDIUM,overproduction
2024-03-14,U4,overprod_pct,6.916529587382894,2.72702790876693,4.724073380826627,EWMA,MEDIUM,overproduction
2024-03-21,U4,overprod_pct,26.15185746809303,4.850477279876465,5.8784379278975445,EWMA,HIGH,overproduction
2024-03-22,U4,overprod_pct,27.787510368806245,4.850477279876465,6.329821076006747,EWMA,HIGH,overproduction
2024-04-21,U4,overprod_pct,6.025938449834684,3.3464230765207468,3.143067410046133,EWMA,MEDIUM,overproduction
2024-09-18,U4,overprod_pct,20.560222686478085,3.0618561494783316,14.401187614190086,EWMA,HIGH,overproduction
2024-09-19,U4,overprod_pct,17.941750232121862,3.0618561494783316,12.24618000259171,EWMA,HIGH,overproduction
2024-09-20,U4,overprod_pct,19.047902604024955,3.0618561494783316,13.156545424642651,EWMA,HIGH,overproduction
2024-12-24,U4,overprod_pct,6.948972167119185,2.8363289832365313,3.112123929907935,EWMA,MEDIUM,overproduction
2025-01-04,U4,overprod_pct,25.865194643316592,3.2153286471993656,32.002010293878286,EWMA,HIGH,overproduction
2025-01-05,U4,overprod_pct,21.748498789524437,3.2153286471993656,26.18552806336942,EWMA,HIGH,overproduction
2025-04-19,U4,overprod_pct,4.909018867151267,2.44002729859063,3.176586747300936,EWMA,MEDIUM,overproduction
2025-05-03,U4,overprod_pct,5.665162761396969,2.470203126989319,3.05405122918055,EWMA,MEDIUM,overproduction
2025-05-13,U4,overprod_pct,4.739735154313803,2.223194685715689,3.1468013103414267,EWMA,MEDIUM,overproduction
2025-05-17,U4,overprod_pct,4.072254577931226,2.2536249965095183,3.7461617929717166,EWMA,MEDIUM,overproduction
2025-05-18,U4,overprod_pct,6.044419200592208,2.2536249965095183,7.808587607626879,EWMA,HIGH,overproduction
2025-05-20,U4,overprod_pct,3.842840883367929,2.051276262220333,3.2630225866887845,EWMA,MEDIUM,overproduction
2025-06-18,U4,overprod_pct,6.560857557719803,2.075057331089701,3.28490312224217,EWMA,MEDIUM,overproduction
2024-02-05,U4,overprod_pct,4.831140095944406,2.754829592795638,1.8416008673454574,CUSUM,MEDIUM,overproduction
2024-03-18,U4,overprod_pct,7.075403269835275,2.754829592795638,3.8321687526983736,CUSUM,MEDIUM,overproduction
2024-03-21,U4,overprod_pct,26.15185746809303,2.754829592795638,20.75218844344798,CUSUM,HIGH,overproduction
2024-03-22,U4,overprod_pct,27.787510368806245,2.754829592795638,22.20294438580895,CUSUM,HIGH,overproduction
2024-04-16,U4,overprod_pct,4.798687969661966,2.754829592795638,1.8128171840676854,CUSUM,MEDIUM,overproduction
2024-08-02,U4,overprod_pct,5.695665127902358,2.754829592795638,2.6083985338221987,CUSUM,MEDIUM,overproduction
2024-08-12,U4,overprod_pct,6.637082949990307,2.754829592795638,3.443396899944425,CUSUM,MEDIUM,overproduction
2024-09-18,U4,overprod_pct,20.560222686478085,2.754829592795638,15.792641473914932,CUSUM,HIGH,overproduction
2024-09-19,U4,overprod_pct,17.941750232121862,2.754829592795638,13.470165555332585,CUSUM,HIGH,overproduction
2024-09-20,U4,overprod_pct,19.047902604024955,2.754829592795638,14.451276600344244,CUSUM,HIGH,overproduction
2024-11-17,U4,overprod_pct,5.77131472183402,2.754829592795638,2.6754965702611635,CUSUM,MEDIUM,overproduction
2025-01-04,U4,overprod_pct,25.865194643316592,2.754829592795638,20.497930467127297,CUSUM,HIGH,overproduction
2025-01-05,U4,overprod_pct,21.748498789524437,2.754829592795638,16.846592845204242,CUSUM,HIGH,overproduction
2025-01-12,U4,overprod_pct,5.0908973917905955,2.754829592795638,2.0719947610353446,CUSUM,MEDIUM,overproduction
2025-03-16,U4,overprod_pct,5.568947539061771,2.754829592795638,2.4960053146178214,CUSUM,MEDIUM,overproduction
2025-06-20,U4,overprod_pct,4.100809349474783,2.754829592795638,1.193827938340944,CUSUM,MEDIUM,overproduction
