instance_id,instance_type,n_customers,n_vehicles,capacity_kg,ortools_offpeak_kg,ortools_offpeak_coverage,ortools_offpeak_minutes,ortools_peak_kg,ortools_peak_coverage,ortools_peak_minutes,nearest_neighbour_offpeak_kg,nearest_neighbour_offpeak_coverage,nearest_neighbour_offpeak_minutes,nearest_neighbour_peak_kg,nearest_neighbour_peak_coverage,nearest_neighbour_peak_minutes
I000,R,10,3,150,274.4,1.0,4076,274.4,1.0,4141,258.79999999999995,0.9,4175,274.40000000000003,1.0,4019
I001,C,10,5,500,301.3,1.0,2752,301.3,1.0,2951,301.29999999999995,1.0,5821,301.3,1.0,6216
I002,R,10,5,500,253.70000000000002,1.0,2776,253.7,1.0,4195,253.7,1.0,3479,253.7,1.0,5027
I003,R,10,5,300,414.2,1.0,2773,414.20000000000005,1.0,4259,414.2,1.0,4002,414.2,1.0,5470
I004,R,10,3,300,394.5,1.0,2665,394.5,1.0,3628,349.90000000000003,0.8,3661,349.90000000000003,0.8,3790
I005,C,10,3,300,491.29999999999995,1.0,4061,491.29999999999995,1.0,4132,491.29999999999995,1.0,3770,448.8,0.8,4292
I006,R,10,4,150,330.1,1.0,4070,330.1,1.0,4284,330.1,1.0,5132,330.1,1.0,5593
I007,RC,10,5,500,322.8999999999999,1.0,2728,322.9,1.0,3899,322.90000000000003,1.0,3709,322.90000000000003,1.0,3936
I008,R,10,3,500,371.50000000000006,1.0,2820,371.49999999999994,1.0,3035,371.5,1.0,4196,202.20000000000002,0.6,4470
I009,C,10,3,300,358.70000000000005,1.0,4061,358.70000000000005,1.0,4141,358.7,1.0,3930,358.70000000000005,1.0,3994
I010,RC,10,4,300,447.2,1.0,2487,447.2,1.0,2688,447.20000000000005,1.0,3499,447.20000000000005,1.0,3738
I011,C,10,3,300,267.4,1.0,2742,267.4,1.0,2803,245.3,0.9,3726,245.3,0.9,3851
I012,RC,10,5,500,270.0,1.0,2720,270.0,1.0,2961,270.0,1.0,4164,270.0,1.0,5929
I013,R,10,4,500,392.3,1.0,2475,392.29999999999995,1.0,3380,392.3,1.0,3416,392.3,1.0,3879
I014,C,10,5,300,340.7,1.0,3360,340.70000000000005,1.0,3824,340.7,1.0,3715,340.70000000000005,1.0,4753
I015,R,10,4,150,373.7,1.0,3335,373.69999999999993,1.0,3460,373.70000000000005,1.0,3529,373.7,1.0,4826
I016,RC,10,5,500,371.2,1.0,2753,371.2,1.0,2793,371.2,1.0,4828,371.2,1.0,4928
I017,RC,10,5,500,252.7,1.0,2741,252.69999999999993,1.0,4154,252.69999999999996,1.0,3761,252.70000000000002,1.0,4288
I018,R,10,4,300,501.0,1.0,2823,501.0,1.0,4201,501.00000000000006,1.0,5220,501.0,1.0,5707
I019,C,10,4,300,221.20000000000002,1.0,2612,221.20000000000002,1.0,2674,221.2,1.0,3411,221.20000000000002,1.0,3531
I020,R,25,6,150,559.3,1.0,5149,559.3,1.0,6263,508.8,0.92,7353,418.7000000000001,0.84,7558
I021,R,25,7,500,806.2,1.0,4053,806.2,1.0,6511,806.2,1.0,6086,806.2,1.0,8016
I022,C,25,8,500,835.2000000000002,1.0,4206,835.2,1.0,4361,835.1999999999999,1.0,5027,835.1999999999999,1.0,6684
I023,RC,25,8,500,826.3000000000002,1.0,5376,826.3000000000002,1.0,5585,826.3,1.0,7847,826.3000000000001,1.0,8594
I024,C,25,10,150,860.0000000000001,1.0,7318,860.0,1.0,8252,859.9999999999999,1.0,7390,859.9999999999999,1.0,9241
I025,RC,25,8,500,794.9,1.0,4308,794.9,1.0,5539,794.9000000000001,1.0,6486,794.9000000000001,1.0,6805
I026,C,25,6,300,709.2,1.0,4097,709.2,1.0,4188,709.1999999999999,1.0,5156,709.1999999999999,1.0,5191
I027,R,25,10,150,910.0000000000001,1.0,8710,910.0,1.0,9198,910.0,1.0,9560,910.0000000000001,1.0,10508
I028,R,25,6,150,656.4,1.0,6812,656.4000000000001,1.0,6783,656.4,1.0,7282,639.3999999999999,0.96,8365
I029,RC,25,6,500,908.5999999999999,1.0,4226,908.5999999999999,1.0,5669,908.6,1.0,6839,908.5999999999998,1.0,7960
I030,C,25,8,150,531.5,0.96,5568,531.5,0.96,5905,531.5,0.96,7387,531.5,0.96,6761
I031,R,25,9,150,800.4,0.96,7125,800.4,0.96,7382,800.4000000000001,0.96,8471,800.4,0.96,8312
I032,R,25,8,150,754.9,1.0,7309,754.9,1.0,7514,754.9,1.0,7888,754.9,1.0,8301
I033,R,25,7,150,716.5,1.0,7340,716.4999999999999,1.0,7866,716.5000000000001,1.0,7975,663.4,0.96,8998
I034,C,25,7,300,832.8,1.0,5250,832.8,1.0,5343,832.8000000000001,1.0,5421,832.8000000000001,1.0,7019
I035,C,25,7,500,875.5000000000001,1.0,2872,875.5,1.0,4417,875.5000000000001,1.0,5261,875.5,1.0,7122
I036,R,25,7,300,766.0999999999999,0.96,5560,766.0999999999998,0.96,5767,766.1,0.96,6878,766.0999999999999,0.96,5891
I037,R,25,7,500,645.6999999999999,1.0,4119,645.6999999999999,1.0,5328,645.6999999999998,1.0,6954,617.0999999999998,0.96,8975
I038,R,25,7,300,752.4999999999999,1.0,5482,752.5000000000001,1.0,5731,752.4999999999999,1.0,7626,752.4999999999999,1.0,9079
I039,RC,25,8,300,673.9999999999999,1.0,5410,674.0,1.0,7787,673.9999999999999,1.0,6268,674.0,1.0,9116
I040,C,50,12,500,1358.9999999999998,1.0,6419,1358.9999999999998,1.0,6879,1359.0000000000002,1.0,8576,1359.0000000000002,1.0,8663
I041,C,50,12,500,1556.5999999999997,0.98,5613,1556.5999999999997,0.98,5778,1556.5999999999997,0.98,7869,1556.6,0.98,9339
I042,R,50,13,500,1796.5000000000002,1.0,8112,1796.4999999999998,1.0,8324,1796.4999999999995,1.0,10118,1796.4999999999998,1.0,13943
I043,C,50,14,500,1454.0999999999995,1.0,6580,1454.1,1.0,6045,1454.0999999999997,1.0,9610,1454.0999999999997,1.0,11460
I044,R,50,12,300,1471.1000000000004,1.0,9718,1471.1000000000001,1.0,10131,1471.1,1.0,11768,1471.1000000000001,1.0,12229
I045,C,50,14,150,1355.9999999999998,1.0,12853,1356.0000000000002,1.0,13411,1355.9999999999998,1.0,13296,1355.9999999999995,1.0,15126
I046,RC,50,12,150,1201.2999999999997,0.98,12015,1201.3000000000004,0.98,11674,1201.3,0.98,13879,1201.3,0.98,15310
I047,R,50,12,300,1381.8999999999994,1.0,8069,1381.8999999999996,1.0,9294,1381.8999999999996,1.0,11464,1381.8999999999996,1.0,13594
I048,RC,50,13,150,1340.1999999999996,1.0,12862,1340.1999999999998,1.0,13442,1340.2,1.0,14865,1340.2000000000003,1.0,16280
I049,RC,50,14,150,1624.3000000000002,1.0,15641,1624.2999999999995,1.0,16648,1624.3,1.0,16125,1624.3,1.0,17679
I050,R,50,16,150,1631.8999999999999,1.0,15155,1631.8999999999994,1.0,17520,1631.8999999999999,1.0,17074,1631.9,1.0,19487
I051,RC,50,14,150,1555.4,1.0,14150,1555.4000000000008,1.0,15182,1555.4000000000005,1.0,15789,1555.4000000000003,1.0,16028
I052,RC,50,13,300,1524.2,1.0,8219,1524.1999999999996,1.0,8465,1524.2000000000003,1.0,11787,1524.2000000000005,1.0,13479
I053,C,50,12,300,1364.1,1.0,6903,1364.1,1.0,8410,1364.1000000000004,1.0,9157,1364.1000000000001,1.0,10987
I054,C,50,12,300,2033.3999999999996,1.0,10537,2033.3999999999999,1.0,11071,2033.4,1.0,10770,2033.4,1.0,11314
I055,RC,50,13,500,1497.2,1.0,6946,1497.2000000000003,1.0,8528,1497.1999999999998,1.0,10471,1497.2,1.0,12476
I056,R,50,14,500,1645.7,1.0,7076,1645.7,1.0,8778,1645.6999999999998,1.0,11775,1645.6999999999998,1.0,17300
I057,C,50,12,300,1586.1999999999996,1.0,7562,1586.1999999999998,1.0,8148,1586.2000000000003,1.0,9001,1586.1999999999998,1.0,10440
I058,R,50,15,150,1633.4000000000005,1.0,15029,1633.4,1.0,15524,1633.4000000000003,1.0,14932,1633.4000000000003,1.0,16718
I059,RC,50,13,300,1410.3999999999999,1.0,8044,1410.3999999999999,1.0,10025,1410.3999999999996,1.0,10566,1410.3999999999996,1.0,13837
