month,kg_waste_prevented,kg_redistributed,kg_disposed,waste_diversion_rate,meals_redistributed,co2e_kg_avoided,cost_saved_inr,water_litre_avoided,portion_kg
2023-01,0.0,5627.416895902925,13130.639423773488,0.30000000000000004,16078.333988294073,14068.542239757313,337645.0137541755,,0.35
2023-02,0.0,4556.585919634033,10632.03381247941,0.3,13018.816913240096,11391.464799085083,273395.155178042,,0.35
2023-03,0.0,4280.081229202035,9986.856201471415,0.3,12228.803512005814,10700.203073005086,256804.87375212208,,0.35
2023-04,0.0,4910.968799052243,11458.927197788566,0.30000000000000004,14031.339425863553,12277.421997630609,294658.12794313463,,0.35
2023-05,0.0,4285.763231104467,10000.114205910426,0.29999999999999993,12245.037803155621,10714.408077761167,257145.79386626804,,0.35
2023-06,0.0,4448.202996200996,10379.14032446899,0.3,12709.15141771713,11120.507490502489,266892.1797720597,,0.35
2023-07,0.0,4360.70478837755,10174.977839547617,0.3,12459.156538221574,10901.761970943877,261642.287302653,,0.35
2023-08,0.0,4233.629619732017,9878.46911270804,0.3,12096.084627805763,10584.074049330044,254017.77718392102,,0.35
2023-09,0.0,4626.98628367733,10796.301328580434,0.30000000000000004,13219.960810506658,11567.465709193326,277619.1770206398,,0.35
2023-10,0.0,4868.400482433173,11359.601125677404,0.3,13909.715664094781,12171.001206082932,292104.0289459904,,0.35
2023-11,0.0,5459.277665615062,12738.314553101809,0.30000000000000004,15597.936187471607,13648.194164037654,327556.6599369037,,0.35
2023-12,0.0,6032.5185648944225,14075.876651420318,0.30000000000000004,17235.76732826978,15081.296412236057,361951.1138936654,,0.35
2024-01,0.0,5597.389437013551,13060.575353031616,0.30000000000000004,15992.541248610147,13993.47359253388,335843.36622081307,,0.35
2024-02,0.0,4563.725791220477,10648.693512847776,0.30000000000000004,13039.21654634422,11409.314478051192,273823.5474732286,,0.35
2024-03,0.0,4507.81286734933,10518.230023815104,0.3,12879.465335283801,11269.532168373325,270468.7720409598,,0.35
2024-04,0.0,5029.595947869641,11735.723878362494,0.30000000000000004,14370.274136770406,12573.989869674104,301775.75687217846,,0.35
2024-05,0.0,5059.765290619864,11806.119011446348,0.30000000000000004,14456.472258913896,12649.41322654966,303585.9174371918,,0.35
2024-06,0.0,3457.4391371332695,8067.357986644295,0.30000000000000004,9878.397534666485,8643.597842833173,207446.34822799618,,0.35
